{
	"credit": "Made with Blockbench",
	"texture_size": [32, 32],
	"textures": {
		"1": "shb:item/assault_rifle"
	},
	"elements": [
		{
			"name": "barrel",
			"from": [5.67113, 11.00106, -0.365],
			"to": [8.67113, 14.00106, 14.615],
			"rotation": {"angle": -22.5, "axis": "z", "origin": [8, 10.5, 8]},
			"faces": {
				"north": {"uv": [12.5, 4.5, 14.5, 6.5], "texture": "#1"},
				"east": {"uv": [12.5, 4.5, 14.5, 6.5], "texture": "#1"},
				"south": {"uv": [12.5, 4.5, 14.5, 6.5], "texture": "#1"},
				"west": {"uv": [12.5, 4.5, 14.5, 6.5], "texture": "#1"},
				"up": {"uv": [12.5, 4.5, 14.5, 6.5], "texture": "#1"},
				"down": {"uv": [12.5, 4.5, 14.5, 6.5], "texture": "#1"}
			}
		},
		{
			"name": "barrel",
			"from": [6.32113, 11.65106, 19.61751],
			"to": [8.02113, 13.35106, 25.38149],
			"rotation": {"angle": -22.5, "axis": "z", "origin": [8, 10.5, 17.86001]},
			"faces": {
				"north": {"uv": [12.75, 0.5, 14.25, 2], "texture": "#1"},
				"east": {"uv": [12.75, 0.5, 14.25, 2], "texture": "#1"},
				"south": {"uv": [12.75, 0.5, 14.25, 2], "texture": "#1"},
				"west": {"uv": [12.75, 0.5, 14.25, 2], "texture": "#1"},
				"up": {"uv": [12.75, 0.5, 14.25, 2], "texture": "#1"},
				"down": {"uv": [12.75, 0.5, 14.25, 2], "texture": "#1"}
			}
		},
		{
			"name": "barrel",
			"from": [7.32887, 11.00106, -0.525],
			"to": [10.32887, 14.00106, 14.775],
			"rotation": {"angle": 22.5, "axis": "z", "origin": [8, 10.5, 8.0175]},
			"faces": {
				"north": {"uv": [8.75, 0.75, 10.25, 2.25], "texture": "#1"},
				"east": {"uv": [8.75, 0.75, 10.25, 2.25], "texture": "#1"},
				"south": {"uv": [8.75, 0.75, 10.25, 2.25], "texture": "#1"},
				"west": {"uv": [8.75, 0.75, 10.25, 2.25], "texture": "#1"},
				"up": {"uv": [8.75, 0.75, 10.25, 2.25], "texture": "#1"},
				"down": {"uv": [8.75, 0.75, 10.25, 2.25], "texture": "#1"}
			}
		},
		{
			"name": "barrel",
			"from": [8.07887, 11.75106, 14.625],
			"to": [9.57887, 13.25106, 19.625],
			"rotation": {"angle": 22.5, "axis": "z", "origin": [8, 10.5, 23]},
			"faces": {
				"north": {"uv": [8.75, 0.75, 10.25, 2.25], "texture": "#1"},
				"east": {"uv": [8.75, 0.75, 10.25, 2.25], "texture": "#1"},
				"south": {"uv": [8.75, 0.75, 10.25, 2.25], "texture": "#1"},
				"west": {"uv": [8.75, 0.75, 10.25, 2.25], "texture": "#1"},
				"up": {"uv": [8.75, 0.75, 10.25, 2.25], "texture": "#1"},
				"down": {"uv": [8.75, 0.75, 10.25, 2.25], "texture": "#1"}
			}
		},
		{
			"name": "barrel",
			"from": [6.42113, 11.75106, 14.635],
			"to": [7.92113, 13.25106, 19.615],
			"rotation": {"angle": -22.5, "axis": "z", "origin": [8, 10.5, 23]},
			"faces": {
				"north": {"uv": [12.5, 4.5, 14.5, 6.5], "texture": "#1"},
				"east": {"uv": [12.5, 4.5, 14.5, 6.5], "texture": "#1"},
				"south": {"uv": [12.5, 4.5, 14.5, 6.5], "texture": "#1"},
				"west": {"uv": [12.5, 4.5, 14.5, 6.5], "texture": "#1"},
				"up": {"uv": [12.5, 4.5, 14.5, 6.5], "texture": "#1"},
				"down": {"uv": [12.5, 4.5, 14.5, 6.5], "texture": "#1"}
			}
		},
		{
			"name": "barrel",
			"from": [6.5, 8.66593, -0.365],
			"to": [9.5, 11.66593, 14.615],
			"rotation": {"angle": -45, "axis": "z", "origin": [8, 10.16593, 7.125]},
			"faces": {
				"north": {"uv": [8.5, 4.5, 10.5, 6.5], "texture": "#1"},
				"east": {"uv": [8.5, 4.5, 10.5, 6.5], "texture": "#1"},
				"south": {"uv": [8.5, 4.5, 10.5, 6.5], "texture": "#1"},
				"west": {"uv": [8.5, 4.5, 10.5, 6.5], "texture": "#1"},
				"up": {"uv": [8.5, 4.5, 10.5, 6.5], "texture": "#1"},
				"down": {"uv": [8.5, 4.5, 10.5, 6.5], "texture": "#1"}
			}
		},
		{
			"name": "barrel",
			"from": [6.5, 8.66593, -0.375],
			"to": [9.5, 11.66593, 14.625],
			"rotation": {"angle": 0, "axis": "z", "origin": [8, 10.16593, 7.125]},
			"faces": {
				"north": {"uv": [8.75, 8.75, 10.25, 10.25], "texture": "#1"},
				"east": {"uv": [8.75, 8.75, 10.25, 10.25], "texture": "#1"},
				"south": {"uv": [8.75, 8.75, 10.25, 10.25], "texture": "#1"},
				"west": {"uv": [8.75, 8.75, 10.25, 10.25], "texture": "#1"},
				"up": {"uv": [8.75, 8.75, 10.25, 10.25], "texture": "#1"},
				"down": {"uv": [8.75, 8.75, 10.25, 10.25], "texture": "#1"}
			}
		},
		{
			"name": "barrel",
			"from": [7.97887, 11.65106, 19.625],
			"to": [9.67887, 13.35106, 25.375],
			"rotation": {"angle": 22.5, "axis": "z", "origin": [8, 10.5, 18]},
			"faces": {
				"north": {"uv": [12.75, 0.75, 14.25, 2.25], "texture": "#1"},
				"east": {"uv": [12.75, 0.75, 14.25, 2.25], "texture": "#1"},
				"south": {"uv": [12.75, 0.75, 14.25, 2.25], "texture": "#1"},
				"west": {"uv": [12.75, 0.75, 14.25, 2.25], "texture": "#1"},
				"up": {"uv": [12.75, 0.75, 14.25, 2.25], "texture": "#1"},
				"down": {"uv": [12.75, 0.75, 14.25, 2.25], "texture": "#1"}
			}
		},
		{
			"name": "barrel",
			"from": [7.4, 12.06593, 25.39],
			"to": [8.6, 13.26593, 25.39],
			"rotation": {"angle": 0, "axis": "z", "origin": [8, 10.5, 18]},
			"faces": {
				"north": {"uv": [0, 0, 6, 6], "texture": "#1"},
				"east": {"uv": [0, 0, 6, 6], "texture": "#1"},
				"south": {"uv": [0, 0, 6, 6], "texture": "#1"},
				"west": {"uv": [0, 0, 6, 6], "texture": "#1"},
				"up": {"uv": [0, 0, 6, 6], "texture": "#1"},
				"down": {"uv": [0, 0, 6, 6], "texture": "#1"}
			}
		},
		{
			"name": "Handle",
			"from": [7, 5.41593, 1.125],
			"to": [9, 8.66593, 4.375],
			"rotation": {"angle": 0, "axis": "x", "origin": [8, 8, 8]},
			"faces": {
				"north": {"uv": [12.5, 0.5, 14, 2.125], "texture": "#1"},
				"east": {"uv": [12.5, 0.5, 14, 2.125], "texture": "#1"},
				"south": {"uv": [12.5, 0.5, 14, 2.125], "texture": "#1"},
				"west": {"uv": [12.5, 0.5, 14, 2.125], "texture": "#1"},
				"up": {"uv": [12.5, 0.5, 14, 2.125], "texture": "#1"},
				"down": {"uv": [12.5, 0.5, 14, 2.125], "texture": "#1"}
			}
		},
		{
			"name": "Handle Cover",
			"from": [6.7792, 5.41593, 1.375],
			"to": [9.2042, 8.16593, 4.125],
			"rotation": {"angle": 0, "axis": "x", "origin": [8, 8, 8]},
			"faces": {
				"north": {"uv": [8.5, 4.5, 10, 6.125], "texture": "#1"},
				"east": {"uv": [8.5, 4.5, 10, 6.125], "texture": "#1"},
				"south": {"uv": [8.5, 4.5, 10, 6.125], "texture": "#1"},
				"west": {"uv": [8.5, 4.5, 10, 6.125], "texture": "#1"},
				"up": {"uv": [8.5, 4.5, 10, 6.125], "texture": "#1"},
				"down": {"uv": [8.5, 4.5, 10, 6.125], "texture": "#1"}
			}
		},
		{
			"name": "Handle",
			"from": [6.9875, -0.27459, 2.38982],
			"to": [9.0125, 4.22541, 5.63982],
			"rotation": {"angle": 22.5, "axis": "x", "origin": [8, 8, 8]},
			"faces": {
				"north": {"uv": [13, 0.5, 14.625, 2.25], "texture": "#1"},
				"east": {"uv": [13, 0.5, 14.625, 2.25], "texture": "#1"},
				"south": {"uv": [13, 0.5, 14.625, 2.25], "texture": "#1"},
				"west": {"uv": [13, 0.5, 14.625, 2.25], "texture": "#1"},
				"up": {"uv": [13, 0.5, 14.625, 2.25], "texture": "#1"},
				"down": {"uv": [13, 0.5, 14.625, 2.25], "texture": "#1"}
			}
		},
		{
			"name": "Handle Cover",
			"from": [6.79132, -0.12026, 2.65885],
			"to": [9.19207, 4.12974, 5.40885],
			"rotation": {"angle": 22.5, "axis": "x", "origin": [8, 8, 8]},
			"faces": {
				"north": {"uv": [9, 4.5, 10.625, 6.25], "texture": "#1"},
				"east": {"uv": [9, 4.5, 10.625, 6.25], "texture": "#1"},
				"south": {"uv": [9, 4.5, 10.625, 6.25], "texture": "#1"},
				"west": {"uv": [9, 4.5, 10.625, 6.25], "texture": "#1"},
				"up": {"uv": [9, 4.5, 10.625, 6.25], "texture": "#1"},
				"down": {"uv": [9, 4.5, 10.625, 6.25], "texture": "#1"}
			}
		},
		{
			"name": "guard1",
			"from": [7.51, 5.29151, 7.47106],
			"to": [8.49, 6.79151, 7.97106],
			"rotation": {"angle": 45, "axis": "x", "origin": [8, 8, 8]},
			"faces": {
				"north": {"uv": [14, 0.5, 12.5, 2], "texture": "#1"},
				"east": {"uv": [14, 0.5, 12.5, 2], "texture": "#1"},
				"south": {"uv": [14, 0.5, 12.5, 2], "texture": "#1"},
				"west": {"uv": [14, 0.5, 12.5, 2], "texture": "#1"},
				"up": {"uv": [14, 0.5, 12.5, 2], "texture": "#1"},
				"down": {"uv": [14, 0.5, 12.5, 2], "texture": "#1"}
			}
		},
		{
			"name": "guard2",
			"from": [7.5, 6.10527, 4.06434],
			"to": [8.5, 6.60527, 6.06434],
			"rotation": {"angle": 0, "axis": "x", "origin": [8, 8, 8]},
			"faces": {
				"north": {"uv": [12.5, 0.5, 14, 2], "texture": "#1"},
				"east": {"uv": [12.5, 0.5, 14, 2], "texture": "#1"},
				"south": {"uv": [12.5, 0.5, 14, 2], "texture": "#1"},
				"west": {"uv": [12.5, 0.5, 14, 2], "texture": "#1"},
				"up": {"uv": [12.5, 0.5, 14, 2], "texture": "#1"},
				"down": {"uv": [12.5, 0.5, 14, 2], "texture": "#1"}
			}
		},
		{
			"name": "guard2",
			"from": [7.5, 7.16593, 6.625],
			"to": [8.5, 8.66593, 7.125],
			"rotation": {"angle": 0, "axis": "y", "origin": [8, 8, 8]},
			"faces": {
				"north": {"uv": [12.5, 0.5, 14, 2], "texture": "#1"},
				"east": {"uv": [12.5, 0.5, 14, 2], "texture": "#1"},
				"south": {"uv": [12.5, 0.5, 14, 2], "texture": "#1"},
				"west": {"uv": [12.5, 0.5, 14, 2], "texture": "#1"},
				"up": {"uv": [12.5, 0.5, 14, 2], "texture": "#1"},
				"down": {"uv": [12.5, 0.5, 14, 2], "texture": "#1"}
			}
		},
		{
			"name": "trigger",
			"from": [7.75, 7.66593, 5.175],
			"to": [8.25, 8.66593, 5.675],
			"rotation": {"angle": 0, "axis": "y", "origin": [8, 8, 8]},
			"faces": {
				"north": {"uv": [13, 0.5, 14.5, 2], "texture": "#1"},
				"east": {"uv": [13, 0.5, 14.5, 2], "texture": "#1"},
				"south": {"uv": [13, 0.5, 14.5, 2], "texture": "#1"},
				"west": {"uv": [13, 0.5, 14.5, 2], "texture": "#1"},
				"up": {"uv": [13, 0.5, 14.5, 2], "texture": "#1"},
				"down": {"uv": [13, 0.5, 14.5, 2], "texture": "#1"}
			}
		},
		{
			"from": [7, 13.2359, -4.4359],
			"to": [9, 14.2359, -0.4359],
			"rotation": {"angle": 22.5, "axis": "x", "origin": [8, 12.7359, -1.9359]},
			"faces": {
				"north": {"uv": [13, 9, 14, 9.5], "texture": "#1"},
				"east": {"uv": [13, 9, 14, 9.5], "texture": "#1"},
				"south": {"uv": [13, 9, 14, 9.5], "texture": "#1"},
				"west": {"uv": [13, 9, 14, 9.5], "texture": "#1"},
				"up": {"uv": [13, 9, 14, 9.5], "texture": "#1"},
				"down": {"uv": [13, 9, 14, 9.5], "texture": "#1"}
			}
		},
		{
			"from": [7, 10.60355, -5.52513],
			"to": [9, 14.60355, -4.52513],
			"rotation": {"angle": 45, "axis": "x", "origin": [8, 12.60355, -4.02513]},
			"faces": {
				"north": {"uv": [13, 9, 14, 10], "texture": "#1"},
				"east": {"uv": [13, 9, 14, 10], "texture": "#1"},
				"south": {"uv": [13, 9, 14, 10], "texture": "#1"},
				"west": {"uv": [13, 9, 14, 10], "texture": "#1"},
				"up": {"uv": [13, 9, 14, 10], "texture": "#1"},
				"down": {"uv": [13, 9, 14, 10], "texture": "#1"}
			}
		},
		{
			"from": [7, 7.64956, -4.22198],
			"to": [9, 8.64956, -0.22198],
			"rotation": {"angle": -22.5, "axis": "x", "origin": [8, 8.91911, -3.37369]},
			"faces": {
				"north": {"uv": [13, 9, 14, 9.5], "texture": "#1"},
				"east": {"uv": [13, 9, 14, 9.5], "texture": "#1"},
				"south": {"uv": [13, 9, 14, 9.5], "texture": "#1"},
				"west": {"uv": [13, 9, 14, 9.5], "texture": "#1"},
				"up": {"uv": [13, 9, 14, 9.5], "texture": "#1"},
				"down": {"uv": [13, 9, 14, 9.5], "texture": "#1"}
			}
		},
		{
			"from": [7, 7.64956, -6.52541],
			"to": [9, 8.64956, -2.52541],
			"rotation": {"angle": 45, "axis": "x", "origin": [8, 8.91911, -3.37369]},
			"faces": {
				"north": {"uv": [13, 9, 14, 10.5], "rotation": 180, "texture": "#1"},
				"east": {"uv": [13, 9, 14, 10.5], "rotation": 180, "texture": "#1"},
				"south": {"uv": [13, 9, 14, 10.5], "rotation": 180, "texture": "#1"},
				"west": {"uv": [13, 9, 14, 10.5], "rotation": 180, "texture": "#1"},
				"up": {"uv": [13, 9, 14, 10.5], "rotation": 180, "texture": "#1"},
				"down": {"uv": [13, 9, 14, 10.5], "rotation": 180, "texture": "#1"}
			}
		},
		{
			"from": [7, 10.25, -6.5],
			"to": [9, 12.25, -5.5],
			"faces": {
				"north": {"uv": [13, 9, 14, 10], "texture": "#1"},
				"east": {"uv": [13, 9, 14, 10], "texture": "#1"},
				"south": {"uv": [13, 9, 14, 10], "texture": "#1"},
				"west": {"uv": [13, 9, 14, 10], "texture": "#1"},
				"up": {"uv": [13, 9, 14, 10], "texture": "#1"},
				"down": {"uv": [13, 9, 14, 10], "texture": "#1"}
			}
		}
	],
	"display": {
		"thirdperson_righthand": {
			"rotation": [0, -180, 0],
			"translation": [0.25, -0.5, -2.25],
			"scale": [0.75, 0.75, 0.75]
		},
		"thirdperson_lefthand": {
			"rotation": [0, -180, 0],
			"translation": [0.25, -0.5, -2.25],
			"scale": [0.75, 0.75, 0.75]
		},
		"firstperson_righthand": {
			"rotation": [0, -175, 0],
			"translation": [0, 9.5, -2.5],
			"scale": [0.8, 0.8, 0.8]
		},
		"firstperson_lefthand": {
			"rotation": [0, -175, 0],
			"translation": [0, 9.5, -2.5],
			"scale": [0.8, 0.8, 0.8]
		},
		"ground": {
			"translation": [0, 3, 0]
		},
		"gui": {
			"rotation": [-90, -50, -90],
			"translation": [-1, -2, 0],
			"scale": [0.6, 0.6, 0.6]
		},
		"head": {
			"rotation": [0, 180, 0],
			"translation": [0, 6.25, -6.25],
			"scale": [1.5, 1.5, 1.5]
		},
		"fixed": {
			"rotation": [-90, 45, 90],
			"translation": [1.75, -2.25, 0],
			"scale": [0.75, 0.75, 0.75]
		}
	},
	"groups": [
		{
			"name": "main",
			"origin": [6.5, 1.66593, -0.375],
			"color": 0,
			"children": [
				{
					"name": "barrel",
					"origin": [6.5, 1.66593, -0.375],
					"color": 0,
					"children": [0, 1, 2, 3, 4, 5, 6, 7, 8]
				},
				{
					"name": "handle",
					"origin": [6.5, 1.66593, -0.375],
					"color": 0,
					"children": [9, 10, 11, 12]
				},
				{
					"name": "trigger",
					"origin": [14.5, 9.66593, 7.625],
					"color": 0,
					"children": [13, 14, 15, 16]
				}
			]
		},
		17,
		18,
		19,
		20,
		21
	]
}