{
	"credit": "Made with Blockbench",
	"texture_size": [32, 32],
	"textures": {
		"1": "shb:item/musket"
	},
	"elements": [
		{
			"name": "barrel",
			"from": [5.84312, 8.11113, 3.59783],
			"to": [8.84312, 11.11113, 16.32783],
			"rotation": {"angle": -22.5, "axis": "z", "origin": [7.93752, 8.17614, 6.5]},
			"faces": {
				"north": {"uv": [12.5, 12.5, 14.5, 14.5], "texture": "#1"},
				"east": {"uv": [12.5, 12.5, 14.5, 14.5], "texture": "#1"},
				"south": {"uv": [12.5, 12.5, 14.5, 14.5], "texture": "#1"},
				"west": {"uv": [12.5, 12.5, 14.5, 14.5], "texture": "#1"},
				"up": {"uv": [12.5, 12.5, 14.5, 14.5], "texture": "#1"},
				"down": {"uv": [12.5, 12.5, 14.5, 14.5], "texture": "#1"}
			}
		},
		{
			"name": "barrel",
			"from": [4.06312, 6.33113, 19.33783],
			"to": [10.62312, 12.89113, 20.08683],
			"rotation": {"angle": -22.5, "axis": "z", "origin": [7.93752, 8.17614, 9.5]},
			"faces": {
				"north": {"uv": [12.75, 8.5, 14.25, 10], "texture": "#1"},
				"east": {"uv": [12.75, 8.5, 14.25, 10], "texture": "#1"},
				"south": {"uv": [12.75, 8.5, 14.25, 10], "texture": "#1"},
				"west": {"uv": [12.75, 8.5, 14.25, 10], "texture": "#1"},
				"up": {"uv": [12.75, 8.5, 14.25, 10], "texture": "#1"},
				"down": {"uv": [12.75, 8.5, 14.25, 10], "texture": "#1"}
			}
		},
		{
			"name": "barrel",
			"from": [7.03192, 8.11113, 3.58783],
			"to": [10.03192, 11.11113, 16.33783],
			"rotation": {"angle": 22.5, "axis": "z", "origin": [7.93752, 8.17614, 6.5]},
			"faces": {
				"north": {"uv": [8.75, 8.75, 10.25, 10.25], "texture": "#1"},
				"east": {"uv": [8.75, 8.75, 10.25, 10.25], "texture": "#1"},
				"south": {"uv": [8.75, 8.75, 10.25, 10.25], "texture": "#1"},
				"west": {"uv": [8.75, 8.75, 10.25, 10.25], "texture": "#1"},
				"up": {"uv": [8.75, 8.75, 10.25, 10.25], "texture": "#1"},
				"down": {"uv": [8.75, 8.75, 10.25, 10.25], "texture": "#1"}
			}
		},
		{
			"name": "barrel",
			"from": [5.28192, 6.36113, 19.33783],
			"to": [11.78192, 12.86113, 20.08783],
			"rotation": {"angle": 22.5, "axis": "z", "origin": [7.93752, 8.17614, 9.5]},
			"faces": {
				"north": {"uv": [12.75, 8.75, 14.25, 10.25], "texture": "#1"},
				"east": {"uv": [12.75, 8.75, 14.25, 10.25], "texture": "#1"},
				"south": {"uv": [12.75, 8.75, 14.25, 10.25], "texture": "#1"},
				"west": {"uv": [12.75, 8.75, 14.25, 10.25], "texture": "#1"},
				"up": {"uv": [12.75, 8.75, 14.25, 10.25], "texture": "#1"},
				"down": {"uv": [12.75, 8.75, 14.25, 10.25], "texture": "#1"}
			}
		},
		{
			"name": "barrel",
			"from": [5.58753, 7.87937, 16.35533],
			"to": [10.28753, 12.07937, 18.32033],
			"rotation": {"angle": -22.5, "axis": "z", "origin": [7.93753, 9.72937, 17.21283]},
			"faces": {
				"north": {"uv": [8.75, 0.75, 10.25, 2.25], "texture": "#1"},
				"east": {"uv": [8.75, 0.75, 10.25, 2.25], "texture": "#1"},
				"south": {"uv": [8.75, 0.75, 10.25, 2.25], "texture": "#1"},
				"west": {"uv": [8.75, 0.75, 10.25, 2.25], "texture": "#1"},
				"up": {"uv": [8.75, 0.75, 10.25, 2.25], "texture": "#1"},
				"down": {"uv": [8.75, 0.75, 10.25, 2.25], "texture": "#1"}
			}
		},
		{
			"name": "barrel",
			"from": [5.58753, 7.62937, 16.33783],
			"to": [10.28753, 11.82937, 18.08783],
			"rotation": {"angle": 22.5, "axis": "z", "origin": [7.93753, 9.72937, 17.21283]},
			"faces": {
				"north": {"uv": [12.75, 0.75, 14.25, 2.25], "texture": "#1"},
				"east": {"uv": [12.75, 0.75, 14.25, 2.25], "texture": "#1"},
				"south": {"uv": [12.75, 0.75, 14.25, 2.25], "texture": "#1"},
				"west": {"uv": [12.75, 0.75, 14.25, 2.25], "texture": "#1"},
				"up": {"uv": [12.75, 0.75, 14.25, 2.25], "texture": "#1"},
				"down": {"uv": [12.75, 0.75, 14.25, 2.25], "texture": "#1"}
			}
		},
		{
			"name": "barrel",
			"from": [5.18753, 6.97937, 18.08783],
			"to": [10.68753, 12.47937, 19.33783],
			"rotation": {"angle": 22.5, "axis": "z", "origin": [7.93753, 9.72937, 18.71283]},
			"faces": {
				"north": {"uv": [12.75, 0.75, 14.25, 2.25], "texture": "#1"},
				"east": {"uv": [12.75, 0.75, 14.25, 2.25], "texture": "#1"},
				"south": {"uv": [12.75, 0.75, 14.25, 2.25], "texture": "#1"},
				"west": {"uv": [12.75, 0.75, 14.25, 2.25], "texture": "#1"},
				"up": {"uv": [12.75, 0.75, 14.25, 2.25], "texture": "#1"},
				"down": {"uv": [12.75, 0.75, 14.25, 2.25], "texture": "#1"}
			}
		},
		{
			"name": "barrel",
			"from": [5.18753, 6.97937, 18.10033],
			"to": [10.68753, 12.47937, 19.32533],
			"rotation": {"angle": -22.5, "axis": "z", "origin": [7.93753, 9.72937, 18.71283]},
			"faces": {
				"north": {"uv": [8.75, 0.75, 10.25, 2.25], "texture": "#1"},
				"east": {"uv": [8.75, 0.75, 10.25, 2.25], "texture": "#1"},
				"south": {"uv": [8.75, 0.75, 10.25, 2.25], "texture": "#1"},
				"west": {"uv": [8.75, 0.75, 10.25, 2.25], "texture": "#1"},
				"up": {"uv": [8.75, 0.75, 10.25, 2.25], "texture": "#1"},
				"down": {"uv": [8.75, 0.75, 10.25, 2.25], "texture": "#1"}
			}
		},
		{
			"name": "barrel",
			"from": [4.68752, 6.47936, 20.08783],
			"to": [11.18752, 12.97936, 20.08783],
			"rotation": {"angle": 0, "axis": "z", "origin": [7.93752, 8.57614, 9.5]},
			"faces": {
				"north": {"uv": [0, 8, 8, 16], "texture": "#1"},
				"east": {"uv": [0, 8, 8, 16], "texture": "#1"},
				"south": {"uv": [0, 8, 8, 16], "texture": "#1"},
				"west": {"uv": [0, 8, 8, 16], "texture": "#1"},
				"up": {"uv": [0, 8, 8, 16], "texture": "#1"},
				"down": {"uv": [0, 8, 8, 16], "texture": "#1"}
			}
		},
		{
			"name": "Handle",
			"from": [7.12572, 11.94083, -1.39645],
			"to": [9.12572, 15.69083, 3.60355],
			"rotation": {"angle": -45, "axis": "x", "origin": [7.93752, 8.57614, 6.5]},
			"faces": {
				"north": {"uv": [12.5, 0.5, 14, 2.125], "rotation": 180, "texture": "#1"},
				"east": {"uv": [12.5, 0.5, 14, 2.125], "rotation": 270, "texture": "#1"},
				"south": {"uv": [12.5, 0.5, 14, 2.125], "texture": "#1"},
				"west": {"uv": [12.5, 0.5, 14, 2.125], "rotation": 90, "texture": "#1"},
				"up": {"uv": [12.5, 0.5, 14, 2.125], "rotation": 180, "texture": "#1"},
				"down": {"uv": [12.5, 0.5, 14, 2.125], "texture": "#1"}
			}
		},
		{
			"name": "Handle",
			"from": [7.12572, 7.80888, -0.57895],
			"to": [9.12572, 11.55888, 3.57105],
			"rotation": {"angle": 0, "axis": "x", "origin": [7.93752, 8.57614, 6.5]},
			"faces": {
				"north": {"uv": [12.5, 0.5, 14, 2.125], "rotation": 180, "texture": "#1"},
				"east": {"uv": [12.5, 0.5, 14, 2.125], "rotation": 270, "texture": "#1"},
				"south": {"uv": [12.5, 0.5, 14, 2.125], "texture": "#1"},
				"west": {"uv": [12.5, 0.5, 14, 2.125], "rotation": 90, "texture": "#1"},
				"up": {"uv": [12.5, 0.5, 14, 2.125], "rotation": 180, "texture": "#1"},
				"down": {"uv": [12.5, 0.5, 14, 2.125], "texture": "#1"}
			}
		},
		{
			"name": "Handle Cover",
			"from": [6.80492, 12.07613, -1.06981],
			"to": [9.42992, 15.32613, 3.18019],
			"rotation": {"angle": -45, "axis": "x", "origin": [7.93752, 8.57614, 6.5]},
			"faces": {
				"north": {"uv": [8.5, 4.5, 10, 6.125], "rotation": 180, "texture": "#1"},
				"east": {"uv": [8.5, 4.5, 10, 6.125], "rotation": 270, "texture": "#1"},
				"south": {"uv": [8.5, 4.5, 10, 6.125], "texture": "#1"},
				"west": {"uv": [8.5, 4.5, 10, 6.125], "rotation": 90, "texture": "#1"},
				"up": {"uv": [8.5, 4.5, 10, 6.125], "rotation": 180, "texture": "#1"},
				"down": {"uv": [8.5, 4.5, 10, 6.125], "texture": "#1"}
			}
		},
		{
			"name": "Handle Cover",
			"from": [6.77867, 8.1392, -0.68476],
			"to": [9.45617, 10.9892, 3.56524],
			"rotation": {"angle": 0, "axis": "z", "origin": [7.93752, 8.57614, 6.5]},
			"faces": {
				"north": {"uv": [8.5, 4.5, 10, 6.125], "rotation": 180, "texture": "#1"},
				"east": {"uv": [8.5, 4.5, 10, 6.125], "rotation": 270, "texture": "#1"},
				"south": {"uv": [8.5, 4.5, 10, 6.125], "texture": "#1"},
				"west": {"uv": [8.5, 4.5, 10, 6.125], "rotation": 90, "texture": "#1"},
				"up": {"uv": [8.5, 4.5, 10, 6.125], "rotation": 180, "texture": "#1"},
				"down": {"uv": [8.5, 4.5, 10, 6.125], "texture": "#1"}
			}
		},
		{
			"name": "Handle",
			"from": [7.10072, 5.3717, -6.71283],
			"to": [9.12572, 8.6217, -1.46283],
			"rotation": {"angle": 0, "axis": "x", "origin": [7.93752, 8.57614, 6.5]},
			"faces": {
				"north": {"uv": [13, 0.5, 14.625, 2.25], "rotation": 180, "texture": "#1"},
				"east": {"uv": [13, 0.5, 14.625, 2.25], "rotation": 270, "texture": "#1"},
				"south": {"uv": [13, 0.5, 14.625, 2.25], "texture": "#1"},
				"west": {"uv": [13, 0.5, 14.625, 2.25], "rotation": 90, "texture": "#1"},
				"up": {"uv": [13, 0.5, 14.625, 2.25], "rotation": 180, "texture": "#1"},
				"down": {"uv": [13, 0.5, 14.625, 2.25], "texture": "#1"}
			}
		},
		{
			"name": "Handle Cover",
			"from": [6.82917, 5.69834, -6.32753],
			"to": [9.32992, 8.44834, -1.32753],
			"rotation": {"angle": 0, "axis": "x", "origin": [7.93752, 8.57614, 6.5]},
			"faces": {
				"north": {"uv": [9, 4.5, 10.625, 6.25], "rotation": 180, "texture": "#1"},
				"east": {"uv": [9, 4.5, 10.625, 6.25], "rotation": 270, "texture": "#1"},
				"south": {"uv": [9, 4.5, 10.625, 6.25], "texture": "#1"},
				"west": {"uv": [9, 4.5, 10.625, 6.25], "rotation": 90, "texture": "#1"},
				"up": {"uv": [9, 4.5, 10.625, 6.25], "rotation": 180, "texture": "#1"},
				"down": {"uv": [9, 4.5, 10.625, 6.25], "texture": "#1"}
			}
		},
		{
			"name": "Handle Cover",
			"from": [6.29368, 6.35914, 4.67247],
			"to": [8.64368, 8.85989, 9.67247],
			"rotation": {"angle": 22.5, "axis": "z", "origin": [7.93752, 8.57614, 6.5]},
			"faces": {
				"north": {"uv": [13, 12.5, 14.625, 14.25], "texture": "#1"},
				"east": {"uv": [13, 12.5, 14.625, 14.25], "texture": "#1"},
				"south": {"uv": [13, 12.5, 14.625, 14.25], "texture": "#1"},
				"west": {"uv": [13, 12.5, 14.625, 14.25], "texture": "#1"},
				"up": {"uv": [13, 12.5, 14.625, 14.25], "texture": "#1"},
				"down": {"uv": [13, 12.5, 14.625, 14.25], "texture": "#1"}
			}
		},
		{
			"name": "guard1",
			"from": [7.45752, 6.0428, 0.82133],
			"to": [8.43752, 6.5428, 2.32133],
			"rotation": {"angle": -45, "axis": "x", "origin": [7.94252, 6.96364, 1.56075]},
			"faces": {
				"north": {"uv": [14, 0.5, 12.5, 2], "rotation": 180, "texture": "#1"},
				"east": {"uv": [14, 0.5, 12.5, 2], "rotation": 270, "texture": "#1"},
				"south": {"uv": [14, 0.5, 12.5, 2], "texture": "#1"},
				"west": {"uv": [14, 0.5, 12.5, 2], "rotation": 90, "texture": "#1"},
				"up": {"uv": [14, 0.5, 12.5, 2], "rotation": 180, "texture": "#1"},
				"down": {"uv": [14, 0.5, 12.5, 2], "texture": "#1"}
			}
		},
		{
			"name": "guard2",
			"from": [7.43752, 5.78966, -1.21097],
			"to": [8.43752, 6.28966, 1.68903],
			"rotation": {"angle": 0, "axis": "x", "origin": [7.94252, 6.96364, 1.56075]},
			"faces": {
				"north": {"uv": [12.5, 0.5, 14, 2], "texture": "#1"},
				"east": {"uv": [12.5, 0.5, 14, 2], "texture": "#1"},
				"south": {"uv": [12.5, 0.5, 14, 2], "texture": "#1"},
				"west": {"uv": [12.5, 0.5, 14, 2], "texture": "#1"},
				"up": {"uv": [12.5, 0.5, 14, 2], "texture": "#1"},
				"down": {"uv": [12.5, 0.5, 14, 2], "texture": "#1"}
			}
		},
		{
			"name": "guard2",
			"from": [7.43752, 6.85032, 2.24969],
			"to": [8.43752, 8.60032, 2.74969],
			"rotation": {"angle": 0, "axis": "x", "origin": [7.94252, 6.96364, 1.56075]},
			"faces": {
				"north": {"uv": [12.5, 0.5, 14, 2], "texture": "#1"},
				"east": {"uv": [12.5, 0.5, 14, 2], "texture": "#1"},
				"south": {"uv": [12.5, 0.5, 14, 2], "texture": "#1"},
				"west": {"uv": [12.5, 0.5, 14, 2], "texture": "#1"},
				"up": {"uv": [12.5, 0.5, 14, 2], "texture": "#1"},
				"down": {"uv": [12.5, 0.5, 14, 2], "texture": "#1"}
			}
		},
		{
			"name": "trigger",
			"from": [7.68752, 7.07936, 1.08783],
			"to": [8.18752, 8.07936, 1.58783],
			"rotation": {"angle": -22.5, "axis": "x", "origin": [7.94252, 6.96364, 1.56075]},
			"faces": {
				"north": {"uv": [13, 0.5, 14.5, 2], "texture": "#1"},
				"east": {"uv": [13, 0.5, 14.5, 2], "texture": "#1"},
				"south": {"uv": [13, 0.5, 14.5, 2], "texture": "#1"},
				"west": {"uv": [13, 0.5, 14.5, 2], "texture": "#1"},
				"up": {"uv": [13, 0.5, 14.5, 2], "texture": "#1"},
				"down": {"uv": [13, 0.5, 14.5, 2], "texture": "#1"}
			}
		}
	],
	"display": {
		"thirdperson_righthand": {
			"rotation": [0, -180, 0],
			"translation": [0.25, 0, -5],
			"scale": [0.75, 0.75, 0.75]
		},
		"thirdperson_lefthand": {
			"rotation": [0, -180, 0],
			"translation": [0.25, 0, -4.25],
			"scale": [0.75, 0.75, 0.75]
		},
		"firstperson_righthand": {
			"rotation": [0, -175, 0],
			"translation": [0, 12, -2.5],
			"scale": [0.75, 0.75, 0.75]
		},
		"firstperson_lefthand": {
			"rotation": [0, -175, 0],
			"translation": [0, 12, -2.5],
			"scale": [0.75, 0.75, 0.75]
		},
		"gui": {
			"rotation": [-90, -50.25, -90],
			"translation": [-0.25, -0.5, 0],
			"scale": [0.65, 0.65, 0.65]
		},
		"head": {
			"rotation": [0, 180, 0],
			"translation": [0, 7.25, 0.5],
			"scale": [1.5, 1.5, 1.5]
		},
		"fixed": {
			"rotation": [-90, 60, 90],
			"scale": [0.75, 0.75, 0.75]
		}
	},
	"groups": [
		{
			"name": "main",
			"origin": [6.43752, 1.62936, -3.91217],
			"color": 0,
			"children": [
				{
					"name": "barrel",
					"origin": [6.43752, 1.62936, -3.91217],
					"color": 0,
					"children": [0, 1, 2, 3, 4, 5, 6, 7, 8]
				},
				{
					"name": "handle",
					"origin": [6.43752, 1.62936, -3.91217],
					"color": 0,
					"children": [9, 10, 11, 12, 13, 14, 15]
				},
				{
					"name": "trigger",
					"origin": [14.43752, 9.62936, 4.08783],
					"color": 0,
					"children": [16, 17, 18, 19]
				}
			]
		}
	]
}