{
	"credit": "Made with Blockbench",
	"texture_size": [32, 32],
	"textures": {
		"1": "shb:item/pistol"
	},
	"elements": [
		{
			"name": "barrel",
			"from": [5.67113, 8.50106, -0.365],
			"to": [8.67113, 11.50106, 14.615],
			"rotation": {"angle": -22.5, "axis": "z", "origin": [8, 8, 8]},
			"faces": {
				"north": {"uv": [12.5, 4.5, 14.5, 6.5], "texture": "#1"},
				"east": {"uv": [12.5, 4.5, 14.5, 6.5], "texture": "#1"},
				"south": {"uv": [12.5, 4.5, 14.5, 6.5], "texture": "#1"},
				"west": {"uv": [12.5, 4.5, 14.5, 6.5], "texture": "#1"},
				"up": {"uv": [12.5, 4.5, 14.5, 6.5], "texture": "#1"},
				"down": {"uv": [12.5, 4.5, 14.5, 6.5], "texture": "#1"}
			}
		},
		{
			"name": "barrel",
			"from": [5.92113, 8.75106, 13.625],
			"to": [8.42113, 11.25106, 15.374],
			"rotation": {"angle": -22.5, "axis": "z", "origin": [8, 8, 8]},
			"faces": {
				"north": {"uv": [12.75, 0.5, 14.25, 2], "texture": "#1"},
				"east": {"uv": [12.75, 0.5, 14.25, 2], "texture": "#1"},
				"south": {"uv": [12.75, 0.5, 14.25, 2], "texture": "#1"},
				"west": {"uv": [12.75, 0.5, 14.25, 2], "texture": "#1"},
				"up": {"uv": [12.75, 0.5, 14.25, 2], "texture": "#1"},
				"down": {"uv": [12.75, 0.5, 14.25, 2], "texture": "#1"}
			}
		},
		{
			"name": "barrel",
			"from": [7.32887, 8.50106, -0.375],
			"to": [10.32887, 11.50106, 14.625],
			"rotation": {"angle": 22.5, "axis": "z", "origin": [8, 8, 8]},
			"faces": {
				"north": {"uv": [8.75, 0.75, 10.25, 2.25], "texture": "#1"},
				"east": {"uv": [8.75, 0.75, 10.25, 2.25], "texture": "#1"},
				"south": {"uv": [8.75, 0.75, 10.25, 2.25], "texture": "#1"},
				"west": {"uv": [8.75, 0.75, 10.25, 2.25], "texture": "#1"},
				"up": {"uv": [8.75, 0.75, 10.25, 2.25], "texture": "#1"},
				"down": {"uv": [8.75, 0.75, 10.25, 2.25], "texture": "#1"}
			}
		},
		{
			"name": "barrel",
			"from": [7.57887, 8.75106, 14.625],
			"to": [10.07887, 11.25106, 15.375],
			"rotation": {"angle": 22.5, "axis": "z", "origin": [8, 8, 8]},
			"faces": {
				"north": {"uv": [12.75, 0.75, 14.25, 2.25], "texture": "#1"},
				"east": {"uv": [12.75, 0.75, 14.25, 2.25], "texture": "#1"},
				"south": {"uv": [12.75, 0.75, 14.25, 2.25], "texture": "#1"},
				"west": {"uv": [12.75, 0.75, 14.25, 2.25], "texture": "#1"},
				"up": {"uv": [12.75, 0.75, 14.25, 2.25], "texture": "#1"},
				"down": {"uv": [12.75, 0.75, 14.25, 2.25], "texture": "#1"}
			}
		},
		{
			"name": "barrel",
			"from": [7, 9.16593, 15.375],
			"to": [9, 11.16593, 15.375],
			"rotation": {"angle": 0, "axis": "z", "origin": [8, 8, 8]},
			"faces": {
				"north": {"uv": [0, 0, 6, 6], "texture": "#1"},
				"east": {"uv": [0, 0, 6, 6], "texture": "#1"},
				"south": {"uv": [0, 0, 6, 6], "texture": "#1"},
				"west": {"uv": [0, 0, 6, 6], "texture": "#1"},
				"up": {"uv": [0, 0, 6, 6], "texture": "#1"},
				"down": {"uv": [0, 0, 6, 6], "texture": "#1"}
			}
		},
		{
			"name": "Handle",
			"from": [7, 5.41593, 1.125],
			"to": [9, 8.66593, 4.375],
			"rotation": {"angle": 0, "axis": "x", "origin": [8, 8, 8]},
			"faces": {
				"north": {"uv": [12.5, 0.5, 14, 2.125], "texture": "#1"},
				"east": {"uv": [12.5, 0.5, 14, 2.125], "texture": "#1"},
				"south": {"uv": [12.5, 0.5, 14, 2.125], "texture": "#1"},
				"west": {"uv": [12.5, 0.5, 14, 2.125], "texture": "#1"},
				"up": {"uv": [12.5, 0.5, 14, 2.125], "texture": "#1"},
				"down": {"uv": [12.5, 0.5, 14, 2.125], "texture": "#1"}
			}
		},
		{
			"name": "Handle Cover",
			"from": [6.7792, 5.41593, 1.375],
			"to": [9.2042, 8.16593, 4.125],
			"rotation": {"angle": 0, "axis": "x", "origin": [8, 8, 8]},
			"faces": {
				"north": {"uv": [8.5, 4.5, 10, 6.125], "texture": "#1"},
				"east": {"uv": [8.5, 4.5, 10, 6.125], "texture": "#1"},
				"south": {"uv": [8.5, 4.5, 10, 6.125], "texture": "#1"},
				"west": {"uv": [8.5, 4.5, 10, 6.125], "texture": "#1"},
				"up": {"uv": [8.5, 4.5, 10, 6.125], "texture": "#1"},
				"down": {"uv": [8.5, 4.5, 10, 6.125], "texture": "#1"}
			}
		},
		{
			"name": "Handle",
			"from": [6.9875, -0.27459, 2.38982],
			"to": [9.0125, 4.22541, 5.63982],
			"rotation": {"angle": 22.5, "axis": "x", "origin": [8, 8, 8]},
			"faces": {
				"north": {"uv": [13, 0.5, 14.625, 2.25], "texture": "#1"},
				"east": {"uv": [13, 0.5, 14.625, 2.25], "texture": "#1"},
				"south": {"uv": [13, 0.5, 14.625, 2.25], "texture": "#1"},
				"west": {"uv": [13, 0.5, 14.625, 2.25], "texture": "#1"},
				"up": {"uv": [13, 0.5, 14.625, 2.25], "texture": "#1"},
				"down": {"uv": [13, 0.5, 14.625, 2.25], "texture": "#1"}
			}
		},
		{
			"name": "Handle Cover",
			"from": [6.79132, -0.12026, 2.65885],
			"to": [9.19207, 4.12974, 5.40885],
			"rotation": {"angle": 22.5, "axis": "x", "origin": [8, 8, 8]},
			"faces": {
				"north": {"uv": [9, 4.5, 10.625, 6.25], "texture": "#1"},
				"east": {"uv": [9, 4.5, 10.625, 6.25], "texture": "#1"},
				"south": {"uv": [9, 4.5, 10.625, 6.25], "texture": "#1"},
				"west": {"uv": [9, 4.5, 10.625, 6.25], "texture": "#1"},
				"up": {"uv": [9, 4.5, 10.625, 6.25], "texture": "#1"},
				"down": {"uv": [9, 4.5, 10.625, 6.25], "texture": "#1"}
			}
		},
		{
			"name": "front",
			"from": [7.75, 11.66593, 12.625],
			"to": [8.25, 12.41593, 13.625],
			"rotation": {"angle": 0, "axis": "y", "origin": [8, 8, 8]},
			"faces": {
				"north": {"uv": [12.5, 0.5, 14, 2], "texture": "#1"},
				"east": {"uv": [12.5, 0.5, 14, 2], "texture": "#1"},
				"south": {"uv": [12.5, 0.5, 14, 2], "texture": "#1"},
				"west": {"uv": [12.5, 0.5, 14, 2], "texture": "#1"},
				"up": {"uv": [12.5, 0.5, 14, 2], "texture": "#1"},
				"down": {"uv": [12.5, 0.5, 14, 2], "texture": "#1"}
			}
		},
		{
			"name": "back1",
			"from": [8.5, 11.66593, 0.125],
			"to": [9, 12.41593, 1.125],
			"rotation": {"angle": 0, "axis": "y", "origin": [8, 8, 8]},
			"faces": {
				"north": {"uv": [12.5, 0.5, 14, 2], "texture": "#1"},
				"east": {"uv": [12.5, 0.5, 14, 2], "texture": "#1"},
				"south": {"uv": [12.5, 0.5, 14, 2], "texture": "#1"},
				"west": {"uv": [12.5, 0.5, 14, 2], "texture": "#1"},
				"up": {"uv": [12.5, 0.5, 14, 2], "texture": "#1"},
				"down": {"uv": [12.5, 0.5, 14, 2], "texture": "#1"}
			}
		},
		{
			"name": "back2",
			"from": [7, 11.66593, 0.125],
			"to": [7.5, 12.41593, 1.125],
			"rotation": {"angle": 0, "axis": "y", "origin": [8, 8, 8]},
			"faces": {
				"north": {"uv": [12.5, 1, 14, 2.5], "texture": "#1"},
				"east": {"uv": [12.5, 1, 14, 2.5], "texture": "#1"},
				"south": {"uv": [12.5, 1, 14, 2.5], "texture": "#1"},
				"west": {"uv": [12.5, 1, 14, 2.5], "texture": "#1"},
				"up": {"uv": [12.5, 1, 14, 2.5], "texture": "#1"},
				"down": {"uv": [12.5, 1, 14, 2.5], "texture": "#1"}
			}
		},
		{
			"name": "guard1",
			"from": [7.51, 5.29151, 7.47106],
			"to": [8.49, 6.79151, 7.97106],
			"rotation": {"angle": 45, "axis": "x", "origin": [8, 8, 8]},
			"faces": {
				"north": {"uv": [14, 0.5, 12.5, 2], "texture": "#1"},
				"east": {"uv": [14, 0.5, 12.5, 2], "texture": "#1"},
				"south": {"uv": [14, 0.5, 12.5, 2], "texture": "#1"},
				"west": {"uv": [14, 0.5, 12.5, 2], "texture": "#1"},
				"up": {"uv": [14, 0.5, 12.5, 2], "texture": "#1"},
				"down": {"uv": [14, 0.5, 12.5, 2], "texture": "#1"}
			}
		},
		{
			"name": "guard2",
			"from": [7.5, 6.10527, 4.06434],
			"to": [8.5, 6.60527, 6.06434],
			"rotation": {"angle": 0, "axis": "x", "origin": [8, 8, 8]},
			"faces": {
				"north": {"uv": [12.5, 0.5, 14, 2], "texture": "#1"},
				"east": {"uv": [12.5, 0.5, 14, 2], "texture": "#1"},
				"south": {"uv": [12.5, 0.5, 14, 2], "texture": "#1"},
				"west": {"uv": [12.5, 0.5, 14, 2], "texture": "#1"},
				"up": {"uv": [12.5, 0.5, 14, 2], "texture": "#1"},
				"down": {"uv": [12.5, 0.5, 14, 2], "texture": "#1"}
			}
		},
		{
			"name": "guard2",
			"from": [7.5, 7.16593, 6.625],
			"to": [8.5, 8.66593, 7.125],
			"rotation": {"angle": 0, "axis": "y", "origin": [8, 8, 8]},
			"faces": {
				"north": {"uv": [12.5, 0.5, 14, 2], "texture": "#1"},
				"east": {"uv": [12.5, 0.5, 14, 2], "texture": "#1"},
				"south": {"uv": [12.5, 0.5, 14, 2], "texture": "#1"},
				"west": {"uv": [12.5, 0.5, 14, 2], "texture": "#1"},
				"up": {"uv": [12.5, 0.5, 14, 2], "texture": "#1"},
				"down": {"uv": [12.5, 0.5, 14, 2], "texture": "#1"}
			}
		},
		{
			"name": "trigger",
			"from": [7.75, 7.66593, 5.175],
			"to": [8.25, 8.66593, 5.675],
			"rotation": {"angle": 0, "axis": "y", "origin": [8, 8, 8]},
			"faces": {
				"north": {"uv": [13, 0.5, 14.5, 2], "texture": "#1"},
				"east": {"uv": [13, 0.5, 14.5, 2], "texture": "#1"},
				"south": {"uv": [13, 0.5, 14.5, 2], "texture": "#1"},
				"west": {"uv": [13, 0.5, 14.5, 2], "texture": "#1"},
				"up": {"uv": [13, 0.5, 14.5, 2], "texture": "#1"},
				"down": {"uv": [13, 0.5, 14.5, 2], "texture": "#1"}
			}
		}
	],
	"display": {
		"thirdperson_righthand": {
			"rotation": [0, -180, 0],
			"translation": [0.25, 0, -2.25],
			"scale": [0.75, 0.75, 0.75]
		},
		"thirdperson_lefthand": {
			"rotation": [0, -180, 0],
			"translation": [-0.25, 0, -2.25],
			"scale": [0.75, 0.75, 0.75]
		},
		"firstperson_righthand": {
			"rotation": [0, -175, 0],
			"translation": [-1.5, 11.5, -3]
		},
		"firstperson_lefthand": {
			"rotation": [0, -175, 0],
			"translation": [-1.5, 11.5, -3]
		},
		"ground": {
			"translation": [0, 3, 0]
		},
		"gui": {
			"rotation": [-90, -60, -90],
			"translation": [-1, 1, 0],
			"scale": [0.8, 0.8, 0.8]
		},
		"head": {
			"rotation": [0, 180, 0],
			"translation": [0, 6.25, -6.25],
			"scale": [1.5, 1.5, 1.5]
		},
		"fixed": {
			"rotation": [-90.72, 60, 91.1],
			"translation": [1.5, 0.75, 0]
		}
	},
	"groups": [
		{
			"name": "main",
			"origin": [6.5, 1.66593, -0.375],
			"color": 0,
			"children": [
				{
					"name": "barrel",
					"origin": [6.5, 1.66593, -0.375],
					"color": 0,
					"children": [0, 1, 2, 3, 4]
				},
				{
					"name": "handle",
					"origin": [6.5, 1.66593, -0.375],
					"color": 0,
					"children": [5, 6, 7, 8]
				},
				{
					"name": "sights",
					"origin": [14.5, 9.66593, 7.625],
					"color": 0,
					"children": [9, 10, 11]
				},
				{
					"name": "trigger",
					"origin": [14.5, 9.66593, 7.625],
					"color": 0,
					"children": [12, 13, 14, 15]
				}
			]
		}
	]
}