{
	"credit": "Made with Blockbench",
	"textures": {
		"1": "shb:item/rocket_launcher"
	},
	"elements": [
		{
			"from": [8.505, 5.75, 7.5],
			"to": [9.505, 7.75, 8.5],
			"rotation": {"angle": 0, "axis": "y", "origin": [9.005, 6.75, 8]},
			"faces": {
				"north": {"uv": [8.5, 8.5, 10.5, 10.5], "texture": "#1"},
				"east": {"uv": [8.5, 8.5, 10.5, 10.5], "texture": "#1"},
				"south": {"uv": [8.5, 8.5, 10.5, 10.5], "texture": "#1"},
				"west": {"uv": [8.5, 8.5, 10.5, 10.5], "texture": "#1"},
				"up": {"uv": [8.5, 8.5, 10.5, 10.5], "texture": "#1"},
				"down": {"uv": [8.5, 8.5, 10.5, 10.5], "texture": "#1"}
			}
		},
		{
			"from": [4.505, 5.75, 7.5],
			"to": [5.505, 7.75, 8.5],
			"rotation": {"angle": 0, "axis": "y", "origin": [5.005, 6.75, 8]},
			"faces": {
				"north": {"uv": [8.5, 8.5, 10.5, 10.5], "texture": "#1"},
				"east": {"uv": [8.5, 8.5, 10.5, 10.5], "texture": "#1"},
				"south": {"uv": [8.5, 8.5, 10.5, 10.5], "texture": "#1"},
				"west": {"uv": [8.5, 8.5, 10.5, 10.5], "texture": "#1"},
				"up": {"uv": [8.5, 8.5, 10.5, 10.5], "texture": "#1"},
				"down": {"uv": [8.5, 8.5, 10.5, 10.5], "texture": "#1"}
			}
		},
		{
			"from": [-1.495, 6.75, 5.5],
			"to": [-0.495, 11.75, 10.5],
			"rotation": {"angle": -22.5, "axis": "x", "origin": [-0.995, 9.25, 8]},
			"faces": {
				"north": {"uv": [8.5, 8.5, 10.5, 10.5], "texture": "#1"},
				"east": {"uv": [8.5, 8.5, 10.5, 10.5], "texture": "#1"},
				"south": {"uv": [8.5, 8.5, 10.5, 10.5], "texture": "#1"},
				"west": {"uv": [8.5, 8.5, 10.5, 10.5], "texture": "#1"},
				"up": {"uv": [8.5, 8.5, 10.5, 10.5], "texture": "#1"},
				"down": {"uv": [8.5, 8.5, 10.5, 10.5], "texture": "#1"}
			}
		},
		{
			"from": [-1.495, 6.75, 5.5],
			"to": [-0.495, 11.75, 10.5],
			"rotation": {"angle": 22.5, "axis": "x", "origin": [-0.995, 9.25, 8]},
			"faces": {
				"north": {"uv": [8.5, 8.5, 10.5, 10.5], "texture": "#1"},
				"east": {"uv": [8.5, 8.5, 10.5, 10.5], "texture": "#1"},
				"south": {"uv": [8.5, 8.5, 10.5, 10.5], "texture": "#1"},
				"west": {"uv": [8.5, 8.5, 10.5, 10.5], "texture": "#1"},
				"up": {"uv": [8.5, 8.5, 10.5, 10.5], "texture": "#1"},
				"down": {"uv": [8.5, 8.5, 10.5, 10.5], "texture": "#1"}
			}
		},
		{
			"from": [-1.505, 7.25, 6],
			"to": [-1.505, 11.25, 10],
			"rotation": {"angle": -22.5, "axis": "x", "origin": [-1.505, 9.25, 8]},
			"faces": {
				"north": {"uv": [2.5, 9.5, 7.5, 14.5], "texture": "#1"},
				"east": {"uv": [2.5, 9.5, 7.5, 14.5], "texture": "#1"},
				"south": {"uv": [2.5, 9.5, 7.5, 14.5], "texture": "#1"},
				"west": {"uv": [2.5, 9.5, 7.5, 14.5], "texture": "#1"},
				"up": {"uv": [2.5, 9.5, 7.5, 14.5], "texture": "#1"},
				"down": {"uv": [2.5, 9.5, 7.5, 14.5], "texture": "#1"}
			}
		},
		{
			"from": [15.505, 5.75, 4.5],
			"to": [17.505, 12.75, 11.5],
			"rotation": {"angle": -22.5, "axis": "x", "origin": [16.505, 9.25, 8]},
			"faces": {
				"north": {"uv": [8.5, 8.5, 10.5, 10.5], "texture": "#1"},
				"east": {"uv": [8.5, 8.5, 10.5, 10.5], "texture": "#1"},
				"south": {"uv": [8.5, 8.5, 10.5, 10.5], "texture": "#1"},
				"west": {"uv": [8.5, 8.5, 10.5, 10.5], "texture": "#1"},
				"up": {"uv": [8.5, 8.5, 10.5, 10.5], "texture": "#1"},
				"down": {"uv": [8.5, 8.5, 10.5, 10.5], "texture": "#1"}
			}
		},
		{
			"from": [15.505, 5.75, 4.5],
			"to": [17.505, 12.75, 11.5],
			"rotation": {"angle": 22.5, "axis": "x", "origin": [16.505, 9.25, 8]},
			"faces": {
				"north": {"uv": [8.5, 8.5, 10.5, 10.5], "rotation": 180, "texture": "#1"},
				"east": {"uv": [8.5, 8.5, 10.5, 10.5], "rotation": 90, "texture": "#1"},
				"south": {"uv": [8.5, 8.5, 10.5, 10.5], "texture": "#1"},
				"west": {"uv": [8.5, 8.5, 10.5, 10.5], "rotation": 270, "texture": "#1"},
				"up": {"uv": [8.5, 8.5, 10.5, 10.5], "texture": "#1"},
				"down": {"uv": [8.5, 8.5, 10.5, 10.5], "rotation": 180, "texture": "#1"}
			}
		},
		{
			"from": [17.505, 6.25, 5],
			"to": [17.505, 12.25, 11],
			"rotation": {"angle": -22.5, "axis": "x", "origin": [17.505, 9.25, 8]},
			"faces": {
				"north": {"uv": [2, 1.5, 9, 8.5], "texture": "#1"},
				"east": {"uv": [2, 1.5, 9, 8.5], "texture": "#1"},
				"south": {"uv": [2, 1.5, 9, 8.5], "texture": "#1"},
				"west": {"uv": [2, 1.5, 9, 8.5], "texture": "#1"},
				"up": {"uv": [2, 1.5, 9, 8.5], "texture": "#1"},
				"down": {"uv": [2, 1.5, 9, 8.5], "texture": "#1"}
			}
		},
		{
			"from": [13.505, 6.75, 5.5],
			"to": [15.505, 11.75, 10.5],
			"rotation": {"angle": -22.5, "axis": "x", "origin": [14.505, 9.25, 8]},
			"faces": {
				"north": {"uv": [11.5, 7, 13.5, 9], "texture": "#1"},
				"east": {"uv": [11.5, 7, 13.5, 9], "texture": "#1"},
				"south": {"uv": [11.5, 7, 13.5, 9], "texture": "#1"},
				"west": {"uv": [11.5, 7, 13.5, 9], "texture": "#1"},
				"up": {"uv": [11.5, 7, 13.5, 9], "texture": "#1"},
				"down": {"uv": [11.5, 7, 13.5, 9], "texture": "#1"}
			}
		},
		{
			"from": [13.605, 6.75, 5.5],
			"to": [15.505, 11.75, 10.5],
			"rotation": {"angle": 22.5, "axis": "x", "origin": [14.505, 9.25, 8]},
			"faces": {
				"north": {"uv": [11.5, 2.5, 13.5, 4.5], "rotation": 180, "texture": "#1"},
				"east": {"uv": [11.5, 2.5, 13.5, 4.5], "rotation": 90, "texture": "#1"},
				"south": {"uv": [11.5, 2.5, 13.5, 4.5], "texture": "#1"},
				"west": {"uv": [11.5, 2.5, 13.5, 4.5], "rotation": 270, "texture": "#1"},
				"up": {"uv": [11.5, 2.5, 13.5, 4.5], "texture": "#1"},
				"down": {"uv": [11.5, 2.5, 13.5, 4.5], "rotation": 180, "texture": "#1"}
			}
		},
		{
			"from": [-0.495, 7.75, 6.5],
			"to": [14.505, 10.75, 9.5],
			"rotation": {"angle": -22.5, "axis": "x", "origin": [7.005, 9.25, 8]},
			"faces": {
				"north": {"uv": [11.5, 7, 13.5, 9], "texture": "#1"},
				"east": {"uv": [11.5, 7, 13.5, 9], "texture": "#1"},
				"south": {"uv": [11.5, 7, 13.5, 9], "texture": "#1"},
				"west": {"uv": [11.5, 7, 13.5, 9], "texture": "#1"},
				"up": {"uv": [11.5, 7, 13.5, 9], "texture": "#1"},
				"down": {"uv": [11.5, 7, 13.5, 9], "texture": "#1"}
			}
		},
		{
			"from": [-0.495, 7.75, 6.5],
			"to": [14.505, 10.75, 9.5],
			"rotation": {"angle": 22.5, "axis": "x", "origin": [7.005, 9.25, 8]},
			"faces": {
				"north": {"uv": [11.5, 2.5, 13.5, 4.5], "rotation": 180, "texture": "#1"},
				"east": {"uv": [11.5, 2.5, 13.5, 4.5], "rotation": 90, "texture": "#1"},
				"south": {"uv": [11.5, 2.5, 13.5, 4.5], "texture": "#1"},
				"west": {"uv": [11.5, 2.5, 13.5, 4.5], "rotation": 270, "texture": "#1"},
				"up": {"uv": [11.5, 2.5, 13.5, 4.5], "texture": "#1"},
				"down": {"uv": [11.5, 2.5, 13.5, 4.5], "rotation": 180, "texture": "#1"}
			}
		},
		{
			"from": [2.425, 7.5, 6.25],
			"to": [10.585, 11, 9.75],
			"rotation": {"angle": -22.5, "axis": "x", "origin": [6.505, 9.25, 8]},
			"faces": {
				"north": {"uv": [11.5, 11, 13.5, 13], "texture": "#1"},
				"east": {"uv": [11.5, 11, 13.5, 13], "texture": "#1"},
				"south": {"uv": [11.5, 11, 13.5, 13], "texture": "#1"},
				"west": {"uv": [11.5, 11, 13.5, 13], "texture": "#1"},
				"up": {"uv": [11.5, 11, 13.5, 13], "texture": "#1"},
				"down": {"uv": [11.5, 11, 13.5, 13], "texture": "#1"}
			}
		},
		{
			"from": [2.505, 7.5, 6.25],
			"to": [10.505, 11, 9.75],
			"rotation": {"angle": 22.5, "axis": "x", "origin": [6.505, 9.25, 8]},
			"faces": {
				"north": {"uv": [8.5, 12.5, 10.5, 14.5], "rotation": 180, "texture": "#1"},
				"east": {"uv": [8.5, 12.5, 10.5, 14.5], "rotation": 90, "texture": "#1"},
				"south": {"uv": [8.5, 12.5, 10.5, 14.5], "texture": "#1"},
				"west": {"uv": [8.5, 12.5, 10.5, 14.5], "rotation": 270, "texture": "#1"},
				"up": {"uv": [8.5, 12.5, 10.5, 14.5], "texture": "#1"},
				"down": {"uv": [8.5, 12.5, 10.5, 14.5], "rotation": 180, "texture": "#1"}
			}
		}
	],
	"display": {
		"thirdperson_righthand": {
			"rotation": [0, -90, 0],
			"translation": [0, 0, 6.75]
		},
		"thirdperson_lefthand": {
			"rotation": [0, 90, 0],
			"translation": [0, 0, 7]
		},
		"firstperson_righthand": {
			"rotation": [0, 90, 0],
			"translation": [0, 11.5, 4]
		},
		"firstperson_lefthand": {
			"rotation": [0, 90, 0],
			"translation": [0, 11.5, 4]
		},
		"gui": {
			"rotation": [0, 0, -45],
			"translation": [-0.75, -0.5, 0],
			"scale": [0.8, 0.8, 0.8]
		},
		"head": {
			"rotation": [0, -90, 0],
			"translation": [-10.25, -4, 0],
			"scale": [1.25, 1.25, 1.25]
		},
		"fixed": {
			"rotation": [0, -180, -45],
			"translation": [0.75, -0.75, 0],
			"scale": [0.9, 0.9, 0.9]
		}
	},
	"groups": [
		0,
		1,
		{
			"name": "Barrel",
			"origin": [8, 8, 8],
			"color": 0,
			"children": [2, 3, 4, 5, 6, 7]
		},
		{
			"name": "Tube",
			"origin": [8, 8, 8],
			"color": 0,
			"children": [8, 9, 10, 11, 12, 13]
		}
	]
}