{
	"credit": "Made with Blockbench",
	"texture_size": [32, 32],
	"textures": {
		"1": "shb:item/shotgun"
	},
	"elements": [
		{
			"name": "barrel",
			"from": [8.01033, 6.45315, 1.38783],
			"to": [9.51033, 7.95315, 15.83783],
			"rotation": {"angle": -45, "axis": "z", "origin": [8, 8, 8]},
			"faces": {
				"north": {"uv": [12.75, 8.75, 14.25, 10.25], "rotation": 270, "texture": "#1"},
				"east": {"uv": [12.75, 8.75, 14.25, 10.25], "rotation": 270, "texture": "#1"},
				"south": {"uv": [12.75, 8.75, 14.25, 10.25], "rotation": 270, "texture": "#1"},
				"west": {"uv": [12.75, 8.75, 14.25, 10.25], "rotation": 270, "texture": "#1"},
				"up": {"uv": [12.75, 8.75, 14.25, 10.25], "rotation": 270, "texture": "#1"},
				"down": {"uv": [12.75, 8.75, 14.25, 10.25], "rotation": 270, "texture": "#1"}
			}
		},
		{
			"name": "barrel",
			"from": [7.22417, 6.1489, 1.41283],
			"to": [8.72417, 7.6489, 15.86283],
			"rotation": {"angle": 0, "axis": "z", "origin": [8, 8, 8]},
			"faces": {
				"north": {"uv": [12.75, 0.75, 14.25, 2.25], "rotation": 90, "texture": "#1"},
				"east": {"uv": [12.75, 0.75, 14.25, 2.25], "rotation": 270, "texture": "#1"},
				"south": {"uv": [12.75, 0.75, 14.25, 2.25], "rotation": 270, "texture": "#1"},
				"west": {"uv": [12.75, 0.75, 14.25, 2.25], "rotation": 270, "texture": "#1"},
				"up": {"uv": [12.75, 0.75, 14.25, 2.25], "rotation": 270, "texture": "#1"},
				"down": {"uv": [12.75, 0.75, 14.25, 2.25], "rotation": 270, "texture": "#1"}
			}
		},
		{
			"name": "barrel",
			"from": [5.9056, 7.93499, 4.09783],
			"to": [8.9056, 10.93499, 17.82783],
			"rotation": {"angle": -22.5, "axis": "z", "origin": [8, 8, 8]},
			"faces": {
				"north": {"uv": [12.5, 4.5, 14.5, 6.5], "texture": "#1"},
				"east": {"uv": [12.5, 4.5, 14.5, 6.5], "texture": "#1"},
				"south": {"uv": [12.5, 4.5, 14.5, 6.5], "texture": "#1"},
				"west": {"uv": [12.5, 4.5, 14.5, 6.5], "texture": "#1"},
				"up": {"uv": [12.5, 4.5, 14.5, 6.5], "texture": "#1"},
				"down": {"uv": [12.5, 4.5, 14.5, 6.5], "texture": "#1"}
			}
		},
		{
			"name": "barrel",
			"from": [5.8756, 7.90499, 17.83783],
			"to": [8.9356, 10.96499, 18.58683],
			"rotation": {"angle": -22.5, "axis": "z", "origin": [8, 8, 8]},
			"faces": {
				"north": {"uv": [12.75, 0.5, 14.25, 2], "texture": "#1"},
				"east": {"uv": [12.75, 0.5, 14.25, 2], "texture": "#1"},
				"south": {"uv": [12.75, 0.5, 14.25, 2], "texture": "#1"},
				"west": {"uv": [12.75, 0.5, 14.25, 2], "texture": "#1"},
				"up": {"uv": [12.75, 0.5, 14.25, 2], "texture": "#1"},
				"down": {"uv": [12.75, 0.5, 14.25, 2], "texture": "#1"}
			}
		},
		{
			"name": "barrel",
			"from": [7.0944, 7.93499, 4.08783],
			"to": [10.0944, 10.93499, 17.83783],
			"rotation": {"angle": 22.5, "axis": "z", "origin": [8, 8, 8]},
			"faces": {
				"north": {"uv": [8.75, 0.75, 10.25, 2.25], "texture": "#1"},
				"east": {"uv": [8.75, 0.75, 10.25, 2.25], "texture": "#1"},
				"south": {"uv": [8.75, 0.75, 10.25, 2.25], "texture": "#1"},
				"west": {"uv": [8.75, 0.75, 10.25, 2.25], "texture": "#1"},
				"up": {"uv": [8.75, 0.75, 10.25, 2.25], "texture": "#1"},
				"down": {"uv": [8.75, 0.75, 10.25, 2.25], "texture": "#1"}
			}
		},
		{
			"name": "barrel",
			"from": [7.0944, 7.93499, 17.83783],
			"to": [10.0944, 10.93499, 18.58783],
			"rotation": {"angle": 22.5, "axis": "z", "origin": [8, 8, 8]},
			"faces": {
				"north": {"uv": [12.75, 0.75, 14.25, 2.25], "texture": "#1"},
				"east": {"uv": [12.75, 0.75, 14.25, 2.25], "texture": "#1"},
				"south": {"uv": [12.75, 0.75, 14.25, 2.25], "texture": "#1"},
				"west": {"uv": [12.75, 0.75, 14.25, 2.25], "texture": "#1"},
				"up": {"uv": [12.75, 0.75, 14.25, 2.25], "texture": "#1"},
				"down": {"uv": [12.75, 0.75, 14.25, 2.25], "texture": "#1"}
			}
		},
		{
			"name": "barrel",
			"from": [6.5, 8.05322, 18.58783],
			"to": [9.5, 11.05322, 18.58783],
			"rotation": {"angle": 0, "axis": "z", "origin": [8, 8, 8]},
			"faces": {
				"north": {"uv": [0, 8, 8, 16], "texture": "#1"},
				"east": {"uv": [0, 8, 8, 16], "texture": "#1"},
				"south": {"uv": [0, 8, 8, 16], "texture": "#1"},
				"west": {"uv": [0, 8, 8, 16], "texture": "#1"},
				"up": {"uv": [0, 8, 8, 16], "texture": "#1"},
				"down": {"uv": [0, 8, 8, 16], "texture": "#1"}
			}
		},
		{
			"name": "Handle",
			"from": [7.1882, 11.36469, 0.10355],
			"to": [9.1882, 15.11469, 5.10355],
			"rotation": {"angle": -45, "axis": "x", "origin": [8, 8, 8]},
			"faces": {
				"north": {"uv": [12.5, 0.5, 14, 2.125], "rotation": 180, "texture": "#1"},
				"east": {"uv": [12.5, 0.5, 14, 2.125], "rotation": 270, "texture": "#1"},
				"south": {"uv": [12.5, 0.5, 14, 2.125], "texture": "#1"},
				"west": {"uv": [12.5, 0.5, 14, 2.125], "rotation": 90, "texture": "#1"},
				"up": {"uv": [12.5, 0.5, 14, 2.125], "rotation": 180, "texture": "#1"},
				"down": {"uv": [12.5, 0.5, 14, 2.125], "texture": "#1"}
			}
		},
		{
			"name": "Handle",
			"from": [7.1882, 7.73274, 0.92105],
			"to": [9.1882, 10.98274, 4.27105],
			"rotation": {"angle": 0, "axis": "x", "origin": [8, 8, 8]},
			"faces": {
				"north": {"uv": [12.5, 0.5, 14, 2.125], "rotation": 180, "texture": "#1"},
				"east": {"uv": [12.5, 0.5, 14, 2.125], "rotation": 270, "texture": "#1"},
				"south": {"uv": [12.5, 0.5, 14, 2.125], "texture": "#1"},
				"west": {"uv": [12.5, 0.5, 14, 2.125], "rotation": 90, "texture": "#1"},
				"up": {"uv": [12.5, 0.5, 14, 2.125], "rotation": 180, "texture": "#1"},
				"down": {"uv": [12.5, 0.5, 14, 2.125], "texture": "#1"}
			}
		},
		{
			"name": "Handle Cover",
			"from": [6.8674, 11.49999, 0.43019],
			"to": [9.4924, 14.74999, 4.68019],
			"rotation": {"angle": -45, "axis": "x", "origin": [8, 8, 8]},
			"faces": {
				"north": {"uv": [8.5, 4.5, 10, 6.125], "rotation": 180, "texture": "#1"},
				"east": {"uv": [8.5, 4.5, 10, 6.125], "rotation": 270, "texture": "#1"},
				"south": {"uv": [8.5, 4.5, 10, 6.125], "texture": "#1"},
				"west": {"uv": [8.5, 4.5, 10, 6.125], "rotation": 90, "texture": "#1"},
				"up": {"uv": [8.5, 4.5, 10, 6.125], "rotation": 180, "texture": "#1"},
				"down": {"uv": [8.5, 4.5, 10, 6.125], "texture": "#1"}
			}
		},
		{
			"name": "Handle Cover",
			"from": [6.84115, 7.56306, 0.81524],
			"to": [9.51865, 10.41306, 5.06524],
			"rotation": {"angle": 0, "axis": "z", "origin": [8, 8, 8]},
			"faces": {
				"north": {"uv": [8.5, 4.5, 10, 6.125], "rotation": 180, "texture": "#1"},
				"east": {"uv": [8.5, 4.5, 10, 6.125], "rotation": 270, "texture": "#1"},
				"south": {"uv": [8.5, 4.5, 10, 6.125], "texture": "#1"},
				"west": {"uv": [8.5, 4.5, 10, 6.125], "rotation": 90, "texture": "#1"},
				"up": {"uv": [8.5, 4.5, 10, 6.125], "rotation": 180, "texture": "#1"},
				"down": {"uv": [8.5, 4.5, 10, 6.125], "texture": "#1"}
			}
		},
		{
			"name": "Handle",
			"from": [7.1632, 4.79556, -5.21283],
			"to": [9.1882, 8.04556, 0.03717],
			"rotation": {"angle": 0, "axis": "x", "origin": [8, 8, 8]},
			"faces": {
				"north": {"uv": [13, 0.5, 14.625, 2.25], "rotation": 180, "texture": "#1"},
				"east": {"uv": [13, 0.5, 14.625, 2.25], "rotation": 270, "texture": "#1"},
				"south": {"uv": [13, 0.5, 14.625, 2.25], "texture": "#1"},
				"west": {"uv": [13, 0.5, 14.625, 2.25], "rotation": 90, "texture": "#1"},
				"up": {"uv": [13, 0.5, 14.625, 2.25], "rotation": 180, "texture": "#1"},
				"down": {"uv": [13, 0.5, 14.625, 2.25], "texture": "#1"}
			}
		},
		{
			"name": "Handle Cover",
			"from": [6.89165, 5.1222, -4.82753],
			"to": [9.3924, 7.8722, 0.17247],
			"rotation": {"angle": 0, "axis": "x", "origin": [8, 8, 8]},
			"faces": {
				"north": {"uv": [9, 4.5, 10.625, 6.25], "rotation": 180, "texture": "#1"},
				"east": {"uv": [9, 4.5, 10.625, 6.25], "rotation": 270, "texture": "#1"},
				"south": {"uv": [9, 4.5, 10.625, 6.25], "texture": "#1"},
				"west": {"uv": [9, 4.5, 10.625, 6.25], "rotation": 90, "texture": "#1"},
				"up": {"uv": [9, 4.5, 10.625, 6.25], "rotation": 180, "texture": "#1"},
				"down": {"uv": [9, 4.5, 10.625, 6.25], "texture": "#1"}
			}
		},
		{
			"name": "Handle Cover",
			"from": [7.15161, 5.80997, 6.12247],
			"to": [9.45236, 8.15997, 11.22247],
			"rotation": {"angle": -22.5, "axis": "z", "origin": [8, 8, 7.98655]},
			"faces": {
				"north": {"uv": [9, 4.5, 10.625, 6.25], "rotation": 180, "texture": "#1"},
				"east": {"uv": [9, 4.5, 10.625, 6.25], "rotation": 270, "texture": "#1"},
				"south": {"uv": [9, 4.5, 10.625, 6.25], "texture": "#1"},
				"west": {"uv": [9, 4.5, 10.625, 6.25], "rotation": 90, "texture": "#1"},
				"up": {"uv": [9, 4.5, 10.625, 6.25], "rotation": 180, "texture": "#1"},
				"down": {"uv": [9, 4.5, 10.625, 6.25], "texture": "#1"}
			}
		},
		{
			"name": "Handle Cover",
			"from": [6.35616, 5.783, 6.17247],
			"to": [8.70616, 8.28375, 11.17247],
			"rotation": {"angle": 22.5, "axis": "z", "origin": [8, 8, 8]},
			"faces": {
				"north": {"uv": [13, 12.5, 14.625, 14.25], "texture": "#1"},
				"east": {"uv": [13, 12.5, 14.625, 14.25], "texture": "#1"},
				"south": {"uv": [13, 12.5, 14.625, 14.25], "texture": "#1"},
				"west": {"uv": [13, 12.5, 14.625, 14.25], "texture": "#1"},
				"up": {"uv": [13, 12.5, 14.625, 14.25], "texture": "#1"},
				"down": {"uv": [13, 12.5, 14.625, 14.25], "texture": "#1"}
			}
		},
		{
			"name": "guard1",
			"from": [7.52, 6.83014, 0.51235],
			"to": [8.5, 7.33014, 2.01235],
			"rotation": {"angle": -22.5, "axis": "x", "origin": [8, 8, 8]},
			"faces": {
				"north": {"uv": [14, 0.5, 12.5, 2], "rotation": 180, "texture": "#1"},
				"east": {"uv": [14, 0.5, 12.5, 2], "rotation": 270, "texture": "#1"},
				"south": {"uv": [14, 0.5, 12.5, 2], "texture": "#1"},
				"west": {"uv": [14, 0.5, 12.5, 2], "rotation": 90, "texture": "#1"},
				"up": {"uv": [14, 0.5, 12.5, 2], "rotation": 180, "texture": "#1"},
				"down": {"uv": [14, 0.5, 12.5, 2], "texture": "#1"}
			}
		},
		{
			"name": "guard2",
			"from": [7.5, 1.87822, 1.53265],
			"to": [8.5, 2.37822, 3.53265],
			"rotation": {"angle": 22.5, "axis": "x", "origin": [8, 8, 8]},
			"faces": {
				"north": {"uv": [12.5, 0.5, 14, 2], "texture": "#1"},
				"east": {"uv": [12.5, 0.5, 14, 2], "texture": "#1"},
				"south": {"uv": [12.5, 0.5, 14, 2], "texture": "#1"},
				"west": {"uv": [12.5, 0.5, 14, 2], "texture": "#1"},
				"up": {"uv": [12.5, 0.5, 14, 2], "texture": "#1"},
				"down": {"uv": [12.5, 0.5, 14, 2], "texture": "#1"}
			}
		},
		{
			"name": "guard2",
			"from": [7.5, 2.93888, 4.09331],
			"to": [8.5, 4.68888, 4.59331],
			"rotation": {"angle": 22.5, "axis": "x", "origin": [8, 8, 8]},
			"faces": {
				"north": {"uv": [12.5, 0.5, 14, 2], "texture": "#1"},
				"east": {"uv": [12.5, 0.5, 14, 2], "texture": "#1"},
				"south": {"uv": [12.5, 0.5, 14, 2], "texture": "#1"},
				"west": {"uv": [12.5, 0.5, 14, 2], "texture": "#1"},
				"up": {"uv": [12.5, 0.5, 14, 2], "texture": "#1"},
				"down": {"uv": [12.5, 0.5, 14, 2], "texture": "#1"}
			}
		},
		{
			"name": "trigger",
			"from": [7.75, 5.30322, 1.38783],
			"to": [8.25, 6.30322, 1.88783],
			"rotation": {"angle": 0, "axis": "y", "origin": [8, 8, 8]},
			"faces": {
				"north": {"uv": [13, 0.5, 14.5, 2], "texture": "#1"},
				"east": {"uv": [13, 0.5, 14.5, 2], "texture": "#1"},
				"south": {"uv": [13, 0.5, 14.5, 2], "texture": "#1"},
				"west": {"uv": [13, 0.5, 14.5, 2], "texture": "#1"},
				"up": {"uv": [13, 0.5, 14.5, 2], "texture": "#1"},
				"down": {"uv": [13, 0.5, 14.5, 2], "texture": "#1"}
			}
		}
	],
	"display": {
		"thirdperson_righthand": {
			"rotation": [0, -180, 0],
			"translation": [0.25, 0, -4.25],
			"scale": [0.75, 0.75, 0.75]
		},
		"thirdperson_lefthand": {
			"rotation": [0, -180, 0],
			"translation": [0.25, 0, -4.25],
			"scale": [0.75, 0.75, 0.75]
		},
		"firstperson_righthand": {
			"rotation": [0, -175, 0],
			"translation": [-0.25, 12, -0.75]
		},
		"firstperson_lefthand": {
			"rotation": [0, -175, 0],
			"translation": [-0.25, 12, -0.75]
		},
		"gui": {
			"rotation": [-90, -55, -90.01],
			"translation": [-0.75, 0.5, 0],
			"scale": [0.8, 0.8, 0.8]
		},
		"head": {
			"rotation": [0, 180, 0],
			"translation": [0, 0, -9.75],
			"scale": [1.5, 1.5, 1.5]
		},
		"fixed": {
			"rotation": [-90, 60, 90],
			"translation": [1.5, 0.75, 0],
			"scale": [0.8, 0.8, 0.8]
		}
	},
	"groups": [
		{
			"name": "main",
			"origin": [6.5, 1.05322, -2.41217],
			"color": 0,
			"children": [
				0,
				1,
				{
					"name": "barrel",
					"origin": [6.5, 1.05322, -2.41217],
					"color": 0,
					"children": [2, 3, 4, 5, 6]
				},
				{
					"name": "handle",
					"origin": [6.5, 1.05322, -2.41217],
					"color": 0,
					"children": [7, 8, 9, 10, 11, 12, 13, 14]
				},
				{
					"name": "trigger",
					"origin": [14.5, 9.05322, 5.58783],
					"color": 0,
					"children": [15, 16, 17, 18]
				}
			]
		}
	]
}