{
	"credit": "Made with Blockbench",
	"texture_size": [32, 32],
	"textures": {
		"1": "shb:item/sniper"
	},
	"elements": [
		{
			"from": [7.3854, 4.14879, 12.77431],
			"to": [8.3854, 8.14879, 13.77431],
			"rotation": {"angle": 0, "axis": "y", "origin": [8, 8, 8]},
			"faces": {
				"north": {"uv": [13.25, 8.25, 13.75, 10.25], "texture": "#1"},
				"east": {"uv": [13.25, 8.25, 13.75, 10.25], "texture": "#1"},
				"south": {"uv": [13.25, 8.25, 13.75, 10.25], "texture": "#1"},
				"west": {"uv": [13.25, 8.25, 13.75, 10.25], "texture": "#1"},
				"up": {"uv": [13.25, 8.25, 13.75, 10.25], "texture": "#1"},
				"down": {"uv": [13.25, 8.25, 13.75, 10.25], "texture": "#1"}
			}
		},
		{
			"from": [7.6354, 10.39879, 9.02431],
			"to": [8.6354, 12.64879, 10.02431],
			"rotation": {"angle": 0, "axis": "y", "origin": [8, 8, 8]},
			"faces": {
				"north": {"uv": [13.25, 8.25, 13.75, 10.25], "texture": "#1"},
				"east": {"uv": [13.25, 8.25, 13.75, 10.25], "texture": "#1"},
				"south": {"uv": [13.25, 8.25, 13.75, 10.25], "texture": "#1"},
				"west": {"uv": [13.25, 8.25, 13.75, 10.25], "texture": "#1"},
				"up": {"uv": [13.25, 8.25, 13.75, 10.25], "texture": "#1"},
				"down": {"uv": [13.25, 8.25, 13.75, 10.25], "texture": "#1"}
			}
		},
		{
			"from": [7.6354, 10.39879, 1.02431],
			"to": [8.6354, 12.64879, 2.02431],
			"rotation": {"angle": 0, "axis": "y", "origin": [8, 8, 8]},
			"faces": {
				"north": {"uv": [13.25, 8.25, 13.75, 10.25], "texture": "#1"},
				"east": {"uv": [13.25, 8.25, 13.75, 10.25], "texture": "#1"},
				"south": {"uv": [13.25, 8.25, 13.75, 10.25], "texture": "#1"},
				"west": {"uv": [13.25, 8.25, 13.75, 10.25], "texture": "#1"},
				"up": {"uv": [13.25, 8.25, 13.75, 10.25], "texture": "#1"},
				"down": {"uv": [13.25, 8.25, 13.75, 10.25], "texture": "#1"}
			}
		},
		{
			"from": [7.1354, -0.10121, 12.52431],
			"to": [8.6354, 4.14879, 14.02431],
			"rotation": {"angle": 0, "axis": "y", "origin": [8, 8, 8]},
			"faces": {
				"north": {"uv": [9, 8.5, 9.75, 10.625], "texture": "#1"},
				"east": {"uv": [9, 8.5, 9.75, 10.625], "texture": "#1"},
				"south": {"uv": [9, 8.5, 9.75, 10.625], "texture": "#1"},
				"west": {"uv": [9, 8.5, 9.75, 10.625], "texture": "#1"},
				"up": {"uv": [9, 8.5, 9.75, 10.625], "texture": "#1"},
				"down": {"uv": [9, 8.5, 9.75, 10.625], "texture": "#1"}
			}
		},
		{
			"name": "barrel",
			"from": [5.96754, 7.48601, -3.09069],
			"to": [8.96754, 10.48601, 11.88931],
			"rotation": {"angle": -22.5, "axis": "z", "origin": [8, 8, 8]},
			"faces": {
				"north": {"uv": [12.5, 4.5, 14.5, 6.5], "texture": "#1"},
				"east": {"uv": [12.5, 4.5, 14.5, 6.5], "texture": "#1"},
				"south": {"uv": [12.5, 4.5, 14.5, 6.5], "texture": "#1"},
				"west": {"uv": [12.5, 4.5, 14.5, 6.5], "texture": "#1"},
				"up": {"uv": [12.5, 4.5, 14.5, 6.5], "texture": "#1"},
				"down": {"uv": [12.5, 4.5, 14.5, 6.5], "texture": "#1"}
			}
		},
		{
			"name": "barrel",
			"from": [6.61754, 8.13601, 16.89182],
			"to": [8.31754, 9.83601, 22.6558],
			"rotation": {"angle": -22.5, "axis": "z", "origin": [8, 8, 8]},
			"faces": {
				"north": {"uv": [12.75, 0.5, 14.25, 2], "texture": "#1"},
				"east": {"uv": [12.75, 0.5, 14.25, 2], "texture": "#1"},
				"south": {"uv": [12.75, 0.5, 14.25, 2], "texture": "#1"},
				"west": {"uv": [12.75, 0.5, 14.25, 2], "texture": "#1"},
				"up": {"uv": [12.75, 0.5, 14.25, 2], "texture": "#1"},
				"down": {"uv": [12.75, 0.5, 14.25, 2], "texture": "#1"}
			}
		},
		{
			"name": "barrel",
			"from": [6.82071, 7.57372, -3.25069],
			"to": [9.82071, 10.57372, 12.04931],
			"rotation": {"angle": 22.5, "axis": "z", "origin": [8, 8, 8]},
			"faces": {
				"north": {"uv": [8.75, 0.75, 10.25, 2.25], "texture": "#1"},
				"east": {"uv": [8.75, 0.75, 10.25, 2.25], "texture": "#1"},
				"south": {"uv": [8.75, 0.75, 10.25, 2.25], "texture": "#1"},
				"west": {"uv": [8.75, 0.75, 10.25, 2.25], "texture": "#1"},
				"up": {"uv": [8.75, 0.75, 10.25, 2.25], "texture": "#1"},
				"down": {"uv": [8.75, 0.75, 10.25, 2.25], "texture": "#1"}
			}
		},
		{
			"name": "barrel",
			"from": [7.57071, 8.32372, 11.89931],
			"to": [9.07071, 9.82372, 16.89931],
			"rotation": {"angle": 22.5, "axis": "z", "origin": [8, 8, 8]},
			"faces": {
				"north": {"uv": [8.75, 0.75, 10.25, 2.25], "texture": "#1"},
				"east": {"uv": [8.75, 0.75, 10.25, 2.25], "texture": "#1"},
				"south": {"uv": [8.75, 0.75, 10.25, 2.25], "texture": "#1"},
				"west": {"uv": [8.75, 0.75, 10.25, 2.25], "texture": "#1"},
				"up": {"uv": [8.75, 0.75, 10.25, 2.25], "texture": "#1"},
				"down": {"uv": [8.75, 0.75, 10.25, 2.25], "texture": "#1"}
			}
		},
		{
			"name": "barrel",
			"from": [6.71754, 8.23601, 11.90931],
			"to": [8.21754, 9.73601, 16.88931],
			"rotation": {"angle": -22.5, "axis": "z", "origin": [8, 8, 8]},
			"faces": {
				"north": {"uv": [12.5, 4.5, 14.5, 6.5], "texture": "#1"},
				"east": {"uv": [12.5, 4.5, 14.5, 6.5], "texture": "#1"},
				"south": {"uv": [12.5, 4.5, 14.5, 6.5], "texture": "#1"},
				"west": {"uv": [12.5, 4.5, 14.5, 6.5], "texture": "#1"},
				"up": {"uv": [12.5, 4.5, 14.5, 6.5], "texture": "#1"},
				"down": {"uv": [12.5, 4.5, 14.5, 6.5], "texture": "#1"}
			}
		},
		{
			"name": "barrel",
			"from": [7.39851, 5.43943, -3.09069],
			"to": [10.39851, 8.43943, 11.88931],
			"rotation": {"angle": -45, "axis": "z", "origin": [8, 8, 8]},
			"faces": {
				"north": {"uv": [8.5, 4.5, 10.5, 6.5], "texture": "#1"},
				"east": {"uv": [8.5, 4.5, 10.5, 6.5], "texture": "#1"},
				"south": {"uv": [8.5, 4.5, 10.5, 6.5], "texture": "#1"},
				"west": {"uv": [8.5, 4.5, 10.5, 6.5], "texture": "#1"},
				"up": {"uv": [8.5, 4.5, 10.5, 6.5], "texture": "#1"},
				"down": {"uv": [8.5, 4.5, 10.5, 6.5], "texture": "#1"}
			}
		},
		{
			"name": "barrel",
			"from": [6.3854, 13.11472, -0.85069],
			"to": [9.3854, 16.11472, 11.14931],
			"rotation": {"angle": 0, "axis": "z", "origin": [8, 8, 8]},
			"faces": {
				"north": {"uv": [8.75, 8.75, 10.25, 10.25], "texture": "#1"},
				"east": {"uv": [8.75, 8.75, 10.25, 10.25], "texture": "#1"},
				"south": {"uv": [8.75, 8.75, 10.25, 10.25], "texture": "#1"},
				"west": {"uv": [8.75, 8.75, 10.25, 10.25], "texture": "#1"},
				"up": {"uv": [8.75, 8.75, 10.25, 10.25], "texture": "#1"},
				"down": {"uv": [8.75, 8.75, 10.25, 10.25], "texture": "#1"}
			}
		},
		{
			"name": "barrel",
			"from": [1.74165, 11.09628, -0.59069],
			"to": [4.74165, 14.09628, 11.13931],
			"rotation": {"angle": -45, "axis": "z", "origin": [8, 8, 8]},
			"faces": {
				"north": {"uv": [8.5, 4.5, 10.5, 6.5], "texture": "#1"},
				"east": {"uv": [8.5, 4.5, 10.5, 6.5], "texture": "#1"},
				"south": {"uv": [8.5, 4.5, 10.5, 6.5], "texture": "#1"},
				"west": {"uv": [8.5, 4.5, 10.5, 6.5], "texture": "#1"},
				"up": {"uv": [8.5, 4.5, 10.5, 6.5], "texture": "#1"},
				"down": {"uv": [8.5, 4.5, 10.5, 6.5], "texture": "#1"}
			}
		},
		{
			"name": "barrel",
			"from": [7.47071, 8.22372, 16.89931],
			"to": [9.17071, 9.92372, 22.64931],
			"rotation": {"angle": 22.5, "axis": "z", "origin": [8, 8, 8]},
			"faces": {
				"north": {"uv": [12.75, 0.75, 14.25, 2.25], "texture": "#1"},
				"east": {"uv": [12.75, 0.75, 14.25, 2.25], "texture": "#1"},
				"south": {"uv": [12.75, 0.75, 14.25, 2.25], "texture": "#1"},
				"west": {"uv": [12.75, 0.75, 14.25, 2.25], "texture": "#1"},
				"up": {"uv": [12.75, 0.75, 14.25, 2.25], "texture": "#1"},
				"down": {"uv": [12.75, 0.75, 14.25, 2.25], "texture": "#1"}
			}
		},
		{
			"name": "barrel",
			"from": [6.6854, 13.41472, 11.16431],
			"to": [9.0854, 15.81472, 11.16431],
			"rotation": {"angle": 0, "axis": "z", "origin": [8, 8, 8]},
			"faces": {
				"north": {"uv": [0, 7, 6, 13], "texture": "#1"},
				"east": {"uv": [0, 7, 6, 13], "texture": "#1"},
				"south": {"uv": [0, 7, 6, 13], "texture": "#1"},
				"west": {"uv": [0, 7, 6, 13], "texture": "#1"},
				"up": {"uv": [0, 7, 6, 13], "texture": "#1"},
				"down": {"uv": [0, 7, 6, 13], "texture": "#1"}
			}
		},
		{
			"name": "barrel",
			"from": [6.6854, 13.41472, -0.88569],
			"to": [9.0854, 15.81472, -0.88569],
			"rotation": {"angle": 0, "axis": "z", "origin": [8, 8, 8]},
			"faces": {
				"north": {"uv": [0, 7, 6, 13], "texture": "#1"},
				"east": {"uv": [0, 7, 6, 13], "texture": "#1"},
				"south": {"uv": [0, 7, 6, 13], "texture": "#1"},
				"west": {"uv": [0, 7, 6, 13], "texture": "#1"},
				"up": {"uv": [0, 7, 6, 13], "texture": "#1"},
				"down": {"uv": [0, 7, 6, 13], "texture": "#1"}
			}
		},
		{
			"name": "barrel",
			"from": [7.2854, 8.51472, 22.66431],
			"to": [8.4854, 9.71472, 22.66431],
			"rotation": {"angle": 0, "axis": "z", "origin": [8, 8, 8]},
			"faces": {
				"north": {"uv": [0, 0, 6, 6], "texture": "#1"},
				"east": {"uv": [0, 0, 6, 6], "texture": "#1"},
				"south": {"uv": [0, 0, 6, 6], "texture": "#1"},
				"west": {"uv": [0, 0, 6, 6], "texture": "#1"},
				"up": {"uv": [0, 0, 6, 6], "texture": "#1"},
				"down": {"uv": [0, 0, 6, 6], "texture": "#1"}
			}
		},
		{
			"name": "Handle",
			"from": [6.8854, 0.05234, 0.21822],
			"to": [8.8854, 3.30234, 3.46822],
			"rotation": {"angle": 22.5, "axis": "x", "origin": [8, 8, 8]},
			"faces": {
				"north": {"uv": [12.5, 0.5, 14, 2.125], "texture": "#1"},
				"east": {"uv": [12.5, 0.5, 14, 2.125], "texture": "#1"},
				"south": {"uv": [12.5, 0.5, 14, 2.125], "texture": "#1"},
				"west": {"uv": [12.5, 0.5, 14, 2.125], "texture": "#1"},
				"up": {"uv": [12.5, 0.5, 14, 2.125], "texture": "#1"},
				"down": {"uv": [12.5, 0.5, 14, 2.125], "texture": "#1"}
			}
		},
		{
			"name": "Handle Cover",
			"from": [6.6646, 0.05234, 0.46822],
			"to": [9.0896, 2.80234, 3.21822],
			"rotation": {"angle": 22.5, "axis": "x", "origin": [8, 8, 8]},
			"faces": {
				"north": {"uv": [8.5, 4.5, 10, 6.125], "texture": "#1"},
				"east": {"uv": [8.5, 4.5, 10, 6.125], "texture": "#1"},
				"south": {"uv": [8.5, 4.5, 10, 6.125], "texture": "#1"},
				"west": {"uv": [8.5, 4.5, 10, 6.125], "texture": "#1"},
				"up": {"uv": [8.5, 4.5, 10, 6.125], "texture": "#1"},
				"down": {"uv": [8.5, 4.5, 10, 6.125], "texture": "#1"}
			}
		},
		{
			"name": "Handle",
			"from": [6.8604, -0.86472, -2.23086],
			"to": [8.8854, 3.63528, 1.01914],
			"rotation": {"angle": 0, "axis": "x", "origin": [8, 8, 8]},
			"faces": {
				"north": {"uv": [13, 0.5, 14.625, 2.25], "texture": "#1"},
				"east": {"uv": [13, 0.5, 14.625, 2.25], "texture": "#1"},
				"south": {"uv": [13, 0.5, 14.625, 2.25], "texture": "#1"},
				"west": {"uv": [13, 0.5, 14.625, 2.25], "texture": "#1"},
				"up": {"uv": [13, 0.5, 14.625, 2.25], "texture": "#1"},
				"down": {"uv": [13, 0.5, 14.625, 2.25], "texture": "#1"}
			}
		},
		{
			"name": "Handle Cover",
			"from": [6.66422, -0.71039, -1.96183],
			"to": [9.06497, 3.53961, 0.78817],
			"rotation": {"angle": 0, "axis": "x", "origin": [8, 8, 8]},
			"faces": {
				"north": {"uv": [9, 4.5, 10.625, 6.25], "texture": "#1"},
				"east": {"uv": [9, 4.5, 10.625, 6.25], "texture": "#1"},
				"south": {"uv": [9, 4.5, 10.625, 6.25], "texture": "#1"},
				"west": {"uv": [9, 4.5, 10.625, 6.25], "texture": "#1"},
				"up": {"uv": [9, 4.5, 10.625, 6.25], "texture": "#1"},
				"down": {"uv": [9, 4.5, 10.625, 6.25], "texture": "#1"}
			}
		},
		{
			"name": "guard1",
			"from": [7.3954, 0.49952, 7.70124],
			"to": [8.3754, 1.99952, 8.20124],
			"rotation": {"angle": 45, "axis": "x", "origin": [8, 8, 8]},
			"faces": {
				"north": {"uv": [14, 0.5, 12.5, 2], "texture": "#1"},
				"east": {"uv": [14, 0.5, 12.5, 2], "texture": "#1"},
				"south": {"uv": [14, 0.5, 12.5, 2], "texture": "#1"},
				"west": {"uv": [14, 0.5, 12.5, 2], "texture": "#1"},
				"up": {"uv": [14, 0.5, 12.5, 2], "texture": "#1"},
				"down": {"uv": [14, 0.5, 12.5, 2], "texture": "#1"}
			}
		},
		{
			"name": "guard2",
			"from": [7.3854, 2.55406, 0.83865],
			"to": [8.3854, 3.05406, 2.83865],
			"rotation": {"angle": 0, "axis": "x", "origin": [8, 8, 8]},
			"faces": {
				"north": {"uv": [12.5, 0.5, 14, 2], "texture": "#1"},
				"east": {"uv": [12.5, 0.5, 14, 2], "texture": "#1"},
				"south": {"uv": [12.5, 0.5, 14, 2], "texture": "#1"},
				"west": {"uv": [12.5, 0.5, 14, 2], "texture": "#1"},
				"up": {"uv": [12.5, 0.5, 14, 2], "texture": "#1"},
				"down": {"uv": [12.5, 0.5, 14, 2], "texture": "#1"}
			}
		},
		{
			"name": "guard2",
			"from": [7.3854, 3.61472, 3.39931],
			"to": [8.3854, 5.11472, 3.89931],
			"rotation": {"angle": 0, "axis": "y", "origin": [8, 8, 8]},
			"faces": {
				"north": {"uv": [12.5, 0.5, 14, 2], "texture": "#1"},
				"east": {"uv": [12.5, 0.5, 14, 2], "texture": "#1"},
				"south": {"uv": [12.5, 0.5, 14, 2], "texture": "#1"},
				"west": {"uv": [12.5, 0.5, 14, 2], "texture": "#1"},
				"up": {"uv": [12.5, 0.5, 14, 2], "texture": "#1"},
				"down": {"uv": [12.5, 0.5, 14, 2], "texture": "#1"}
			}
		},
		{
			"name": "trigger",
			"from": [7.6354, 4.11472, 1.94931],
			"to": [8.1354, 5.11472, 2.44931],
			"rotation": {"angle": 0, "axis": "y", "origin": [8, 8, 8]},
			"faces": {
				"north": {"uv": [13, 0.5, 14.5, 2], "texture": "#1"},
				"east": {"uv": [13, 0.5, 14.5, 2], "texture": "#1"},
				"south": {"uv": [13, 0.5, 14.5, 2], "texture": "#1"},
				"west": {"uv": [13, 0.5, 14.5, 2], "texture": "#1"},
				"up": {"uv": [13, 0.5, 14.5, 2], "texture": "#1"},
				"down": {"uv": [13, 0.5, 14.5, 2], "texture": "#1"}
			}
		},
		{
			"from": [6.8854, 5.15288, -11.03931],
			"to": [8.8854, 10.65288, -2.28931],
			"rotation": {"angle": 0, "axis": "x", "origin": [8, 8, 8]},
			"faces": {
				"north": {"uv": [12.5, 8.25, 14.5, 10.375], "rotation": 90, "texture": "#1"},
				"east": {"uv": [12.5, 8.25, 14.5, 10.375], "rotation": 90, "texture": "#1"},
				"south": {"uv": [12.5, 8.25, 14.5, 10.375], "rotation": 90, "texture": "#1"},
				"west": {"uv": [12.5, 8.25, 14.5, 10.375], "rotation": 90, "texture": "#1"},
				"up": {"uv": [12.5, 8.25, 14.5, 10.375], "rotation": 90, "texture": "#1"},
				"down": {"uv": [12.5, 8.25, 14.5, 10.375], "rotation": 90, "texture": "#1"}
			}
		},
		{
			"from": [6.8854, 9.15563, -10.67957],
			"to": [8.8854, 12.65563, -1.92957],
			"rotation": {"angle": -22.5, "axis": "x", "origin": [8, 8, 8]},
			"faces": {
				"north": {"uv": [12.5, 8.5, 14.5, 10.875], "rotation": 90, "texture": "#1"},
				"east": {"uv": [12.5, 8.5, 14.5, 10.875], "rotation": 90, "texture": "#1"},
				"south": {"uv": [12.5, 8.5, 14.5, 10.875], "rotation": 90, "texture": "#1"},
				"west": {"uv": [12.5, 8.5, 14.5, 10.875], "rotation": 90, "texture": "#1"},
				"up": {"uv": [12.5, 8.5, 14.5, 10.875], "rotation": 90, "texture": "#1"},
				"down": {"uv": [12.5, 8.5, 14.5, 10.875], "rotation": 90, "texture": "#1"}
			}
		},
		{
			"from": [6.8854, 3.16491, -10.60524],
			"to": [8.8854, 6.66491, -1.85524],
			"rotation": {"angle": 22.5, "axis": "x", "origin": [8, 8, 8]},
			"faces": {
				"north": {"uv": [12.75, 8.5, 14.5, 10.375], "rotation": 90, "texture": "#1"},
				"east": {"uv": [12.75, 8.5, 14.5, 10.375], "rotation": 90, "texture": "#1"},
				"south": {"uv": [12.75, 8.5, 14.5, 10.375], "rotation": 90, "texture": "#1"},
				"west": {"uv": [12.75, 8.5, 14.5, 10.375], "rotation": 90, "texture": "#1"},
				"up": {"uv": [12.75, 8.5, 14.5, 10.375], "rotation": 90, "texture": "#1"},
				"down": {"uv": [12.75, 8.5, 14.5, 10.375], "rotation": 90, "texture": "#1"}
			}
		}
	],
	"display": {
		"thirdperson_righthand": {
			"rotation": [0, -180, 0],
			"translation": [0, 0, -4.25],
			"scale": [0.75, 0.75, 0.75]
		},
		"thirdperson_lefthand": {
			"rotation": [0, -180, 0],
			"translation": [0, 0, -4.25],
			"scale": [0.75, 0.75, 0.75]
		},
		"firstperson_righthand": {
			"rotation": [0, 180, 0],
			"translation": [0, 12.5, -3.5],
			"scale": [0.75, 0.75, 0.75]
		},
		"firstperson_lefthand": {
			"rotation": [0, 180, 0],
			"translation": [0, 12.5, -3.5],
			"scale": [0.75, 0.75, 0.75]
		},
		"ground": {
			"translation": [0, 5, 0]
		},
		"gui": {
			"rotation": [-90, -45, -90],
			"translation": [-1.5, 1.25, 0],
			"scale": [0.55, 0.55, 0.55]
		},
		"head": {
			"rotation": [0, 180, 0],
			"translation": [0, 13, 0],
			"scale": [1.5, 1.5, 1.5]
		},
		"fixed": {
			"rotation": [-90, 45, 90],
			"translation": [1.75, 1.25, 0],
			"scale": [0.65, 0.65, 0.65]
		}
	},
	"groups": [
		{
			"name": "main",
			"origin": [6.5, 1.66593, -0.375],
			"color": 0,
			"children": [
				0,
				1,
				2,
				3,
				{
					"name": "barrel",
					"origin": [6.5, 1.66593, -0.375],
					"color": 0,
					"children": [4, 5, 6, 7, 8, 9, 10, 11, 12, 13, 14, 15]
				},
				{
					"name": "handle",
					"origin": [6.5, 1.66593, -0.375],
					"color": 0,
					"children": [16, 17, 18, 19]
				},
				{
					"name": "trigger",
					"origin": [14.5, 9.66593, 7.625],
					"color": 0,
					"children": [20, 21, 22, 23]
				}
			]
		},
		24,
		25,
		26
	]
}