{
	"custom.redlightgreenlight":
		{
		"category": "master",
		"sounds": [
			"custom/redlightgreenlight"
		]
	},
	"custom.bensound":
		{
		"category": "master",
		"sounds": [
			"bensound"
		]
	},
	"custom.dream":
		{
		"category": "master",
		"sounds": [
			{
				"name": "dream",
				"preload": true,
				"stream": true
			}
		]
	},
	"custom.bensound_full":
		{
		"category": "master",
		"sounds": [
			{
				"name": "bensound_full",
				"preload": true,
				"stream": true
			},
			{
				"name": "bad_bone",
				"preload": true,
				"stream": true
			},
			{
				"name": "call_me_maybe",
				"preload": true,
				"stream": true
			},
			{
				"name": "creep",
				"preload": true,
				"stream": true
			},
			{
				"name": "dream",
				"preload": true,
				"stream": true
			},
			{
				"name": "fnaf",
				"preload": true,
				"stream": true
			},
			{
				"name": "weezer",
				"preload": true,
				"stream": true
			},
			{
				"name": "friday",
				"preload": true,
				"stream": true,
				"volume": 2
			},
			{
				"name": "friday_sussy",
				"preload": true,
				"stream": true,
				"volume": 2
			}
		]
	}
}