{
  "parent": "minecraft:item/generated",
  "textures": {
    "layer0": "minecraft:item/bow"
  },
  "display": {
    "thirdperson_righthand": {
      "rotation": [ -80, 260, -40 ],
      "translation": [ -1, -2, 2.5 ],
      "scale": [ 0.9, 0.9, 0.9 ]
    },
    "thirdperson_lefthand": {
      "rotation": [ -80, -280, 40 ],
      "translation": [ -1, -2, 2.5 ],
      "scale": [ 0.9, 0.9, 0.9 ]
    },
    "firstperson_righthand": {
      "rotation": [ 0, -90, 25 ],
      "translation": [ 1.13, 3.2, 1.13],
      "scale": [ 0.68, 0.68, 0.68 ]
    },
    "firstperson_lefthand": {
      "rotation": [ 0, 90, -25 ],
      "translation": [ 1.13, 3.2, 1.13],
      "scale": [ 0.68, 0.68, 0.68 ]
    }
  },
  "overrides": [
    {
      "predicate": {
        "pulling": 1
      },
      "model": "item/bow_pulling_0"
    },
    {
      "predicate": {
        "pulling": 1,
        "pull": 0.65
      },
      "model": "item/bow_pulling_1"
    },
    {
      "predicate": {
        "pulling": 1,
        "pull": 0.9
      },
      "model": "item/bow_pulling_2"
    },
    {
      "predicate": {
        "custom_model_data" : 11
      },
      "model": "item/holy_bow/bow"
    },
    {
      "predicate": {
        "pulling": 1,
        "custom_model_data" : 11
      },
      "model": "item/holy_bow/bow_pulling_0"
    },
    {
      "predicate": {
        "pulling": 1,
        "pull": 0.65,
        "custom_model_data" : 11
      },
      "model": "item/holy_bow/bow_pulling_1"
    },
    {
      "predicate": {
        "pulling": 1,
        "pull": 0.9,
        "custom_model_data" : 11
      },
      "model": "item/holy_bow/bow_pulling_2"
    },
    {
      "predicate": {
        "custom_model_data": 201
      },
      "model": "shb:item/pistol"
    },
    {
      "predicate": {
        "custom_model_data": 202
      },
      "model": "shb:item/sniper"
    },
    {
      "predicate": {
        "custom_model_data": 203
      },
      "model": "shb:item/rocket_launcher"
    },
    {
      "predicate": {
        "custom_model_data": 204
      },
      "model": "shb:item/assault_rifle"
    },
    {
      "predicate": {
        "custom_model_data": 205
      },
      "model": "shb:item/burst_rifle"
    },
    {
      "predicate": {
        "custom_model_data": 206
      },
      "model": "shb:item/shotgun"
    },
    {
      "predicate": {
        "custom_model_data": 207
      },
      "model": "shb:item/musket"
    },
    {
      "predicate": {
        "custom_model_data": 301
      },
      "model": "shb:item/sneak/pistol"
    },
    {
      "predicate": {
        "custom_model_data": 302
      },
      "model": "shb:item/sneak/sniper"
    },
    {
      "predicate": {
        "custom_model_data": 303
      },
      "model": "shb:item/sneak/rocket_launcher"
    },
    {
      "predicate": {
        "custom_model_data": 304
      },
      "model": "shb:item/sneak/assault_rifle"
    },
    {
      "predicate": {
        "custom_model_data": 305
      },
      "model": "shb:item/sneak/burst_rifle"
    },
    {
      "predicate": {
        "custom_model_data": 306
      },
      "model": "shb:item/sneak/shotgun"
    },
    {
      "predicate": {
        "custom_model_data": 307
      },
      "model": "shb:item/sneak/musket"
    }
  ]
}