{
  "parent": "minecraft:item/generated",
  "textures": {
    "layer0": "minecraft:item/ender_eye"
  },
  "overrides": [
    {
      "predicate": {
        "custom_model_data": 201
      },
      "model": "shb:item/pistol"
    },
    {
      "predicate": {
        "custom_model_data": 202
      },
      "model": "shb:item/sniper"
    },
    {
      "predicate": {
        "custom_model_data": 203
      },
      "model": "shb:item/rocket_launcher"
    },
    {
      "predicate": {
        "custom_model_data": 204
      },
      "model": "shb:item/assault_rifle"
    },
    {
      "predicate": {
        "custom_model_data": 205
      },
      "model": "shb:item/burst_rifle"
    },
    {
      "predicate": {
        "custom_model_data": 206
      },
      "model": "shb:item/shotgun"
    },
    {
      "predicate": {
        "custom_model_data": 207
      },
      "model": "shb:item/musket"
    },
    {
      "predicate": {
        "custom_model_data": 301
      },
      "model": "shb:item/sneak/pistol"
    },
    {
      "predicate": {
        "custom_model_data": 302
      },
      "model": "shb:item/sneak/sniper"
    },
    {
      "predicate": {
        "custom_model_data": 303
      },
      "model": "shb:item/sneak/rocket_launcher"
    },
    {
      "predicate": {
        "custom_model_data": 304
      },
      "model": "shb:item/sneak/assault_rifle"
    },
    {
      "predicate": {
        "custom_model_data": 305
      },
      "model": "shb:item/sneak/burst_rifle"
    },
    {
      "predicate": {
        "custom_model_data": 306
      },
      "model": "shb:item/sneak/shotgun"
    },
    {
      "predicate": {
        "custom_model_data": 307
      },
      "model": "shb:item/sneak/musket"
    }
  ]
}